fact_id,event_key,country_key,date_key,education_key,population_key,health_key,qol_key,Human Development Index,Quality of Life,Education Index,GNI Per Capita,Global Peace Index
0,90,180,1,295,180,215,485,0.906,-1.0,0.873,31440.0,-1.0
1,91,180,1,295,180,215,485,0.906,-1.0,0.873,31440.0,-1.0
2,92,196,1,311,196,231,501,0.908,-1.0,0.893,32060.0,-1.0
3,93,116,2,231,116,151,421,0.9,-1.0,0.862,44550.0,-1.0
4,94,116,1,231,116,151,421,0.9,-1.0,0.862,44550.0,-1.0
5,95,164,2,279,164,199,469,0.718,-1.0,0.591,13450.0,-1.0
6,96,116,1,231,116,151,421,0.9,-1.0,0.862,44550.0,-1.0
7,97,116,1,231,116,151,421,0.9,-1.0,0.862,44550.0,-1.0
8,98,148,1,263,148,183,453,0.737,-1.0,0.604,12390.0,-1.0
9,99,212,1,327,212,247,517,0.327,-1.0,0.202,1310.0,-1.0
10,100,116,1,231,116,151,421,0.9,-1.0,0.862,44550.0,-1.0
11,101,116,3,231,116,151,421,0.9,-1.0,0.862,44550.0,-1.0
12,102,164,1,279,164,199,469,0.718,-1.0,0.591,13450.0,-1.0
13,103,180,6,295,180,215,485,0.906,-1.0,0.873,31440.0,-1.0
14,104,180,7,295,180,215,485,0.906,-1.0,0.873,31440.0,-1.0
15,105,196,11,311,196,231,501,0.908,-1.0,0.893,32060.0,-1.0
16,106,180,5,295,180,215,485,0.906,-1.0,0.873,31440.0,-1.0
17,107,180,12,295,180,215,485,0.906,-1.0,0.873,31440.0,-1.0
18,108,132,9,247,132,167,437,0.894,-1.0,0.847,35580.0,-1.0
19,109,132,6,247,132,167,437,0.894,-1.0,0.847,35580.0,-1.0
20,110,132,7,247,132,167,437,0.894,-1.0,0.847,35580.0,-1.0
21,111,132,7,247,132,167,437,0.894,-1.0,0.847,35580.0,-1.0
22,112,132,8,247,132,167,437,0.894,-1.0,0.847,35580.0,-1.0
23,113,132,11,247,132,167,437,0.894,-1.0,0.847,35580.0,-1.0
24,114,132,12,247,132,167,437,0.894,-1.0,0.847,35580.0,-1.0
25,115,132,5,247,132,167,437,0.894,-1.0,0.847,35580.0,-1.0
26,116,132,9,247,132,167,437,0.894,-1.0,0.847,35580.0,-1.0
27,117,228,8,343,228,263,533,0.914,-1.0,0.823,45080.0,-1.0
28,118,228,12,343,228,263,533,0.914,-1.0,0.823,45080.0,-1.0
29,119,228,4,343,228,263,533,0.914,-1.0,0.823,45080.0,-1.0
30,120,196,7,311,196,231,501,0.908,-1.0,0.893,32060.0,-1.0
31,121,196,8,311,196,231,501,0.908,-1.0,0.893,32060.0,-1.0
32,122,197,13,312,197,232,502,0.918,-1.0,0.911,34740.0,-1.0
33,123,133,16,248,133,168,438,0.898,-1.0,0.85,37510.0,-1.0
34,124,133,17,248,133,168,438,0.898,-1.0,0.85,37510.0,-1.0
35,125,197,15,312,197,232,502,0.918,-1.0,0.911,34740.0,-1.0
36,126,197,16,312,197,232,502,0.918,-1.0,0.911,34740.0,-1.0
37,127,197,18,312,197,232,502,0.918,-1.0,0.911,34740.0,-1.0
38,128,181,15,296,181,216,486,0.909,-1.0,0.876,33030.0,-1.0
39,129,181,16,296,181,216,486,0.909,-1.0,0.876,33030.0,-1.0
40,130,181,13,296,181,216,486,0.909,-1.0,0.876,33030.0,-1.0
41,131,181,15,296,181,216,486,0.909,-1.0,0.876,33030.0,-1.0
42,132,181,16,296,181,216,486,0.909,-1.0,0.876,33030.0,-1.0
43,133,197,19,312,197,232,502,0.918,-1.0,0.911,34740.0,-1.0
44,134,181,16,296,181,216,486,0.909,-1.0,0.876,33030.0,-1.0
45,135,181,13,296,181,216,486,0.909,-1.0,0.876,33030.0,-1.0
46,136,181,14,296,181,216,486,0.909,-1.0,0.876,33030.0,-1.0
47,137,181,15,296,181,216,486,0.909,-1.0,0.876,33030.0,-1.0
48,138,181,16,296,181,216,486,0.909,-1.0,0.876,33030.0,-1.0
49,139,181,24,296,181,216,486,0.909,-1.0,0.876,33030.0,-1.0
50,140,181,23,296,181,216,486,0.909,-1.0,0.876,33030.0,-1.0
51,141,133,16,248,133,168,438,0.898,-1.0,0.85,37510.0,-1.0
52,142,133,16,248,133,168,438,0.898,-1.0,0.85,37510.0,-1.0
53,143,133,17,248,133,168,438,0.898,-1.0,0.85,37510.0,-1.0
54,144,133,18,248,133,168,438,0.898,-1.0,0.85,37510.0,-1.0
55,145,133,17,248,133,168,438,0.898,-1.0,0.85,37510.0,-1.0
56,146,229,19,344,229,264,534,0.92,-1.0,0.834,49790.0,-1.0
57,147,229,15,344,229,264,534,0.92,-1.0,0.834,49790.0,-1.0
58,148,197,19,312,197,232,502,0.918,-1.0,0.911,34740.0,-1.0
59,149,197,21,312,197,232,502,0.918,-1.0,0.911,34740.0,-1.0
60,150,197,13,312,197,232,502,0.918,-1.0,0.911,34740.0,-1.0
61,151,197,15,312,197,232,502,0.918,-1.0,0.911,34740.0,-1.0
62,152,134,26,249,134,169,439,0.896,-1.0,0.833,38990.0,-1.0
63,153,230,25,345,230,265,535,0.923,-1.0,0.844,51420.0,-1.0
64,154,230,25,345,230,265,535,0.923,-1.0,0.844,51420.0,-1.0
65,155,198,25,313,198,233,503,0.921,-1.0,0.915,36810.0,-1.0
66,156,198,25,313,198,233,503,0.921,-1.0,0.915,36810.0,-1.0
67,157,116,8,231,116,151,421,0.9,-1.0,0.862,44550.0,-1.0
68,158,116,9,231,116,151,421,0.9,-1.0,0.862,44550.0,-1.0
69,159,116,12,231,116,151,421,0.9,-1.0,0.862,44550.0,-1.0
70,160,117,13,232,117,152,422,0.903,-1.0,0.865,47140.0,-1.0
71,161,116,10,231,116,151,421,0.9,-1.0,0.862,44550.0,-1.0
72,162,148,8,263,148,183,453,0.737,-1.0,0.604,12390.0,-1.0
73,163,148,10,263,148,183,453,0.737,-1.0,0.604,12390.0,-1.0
74,164,148,10,263,148,183,453,0.737,-1.0,0.604,12390.0,-1.0
75,165,148,5,263,148,183,453,0.737,-1.0,0.604,12390.0,-1.0
76,166,116,5,231,116,151,421,0.9,-1.0,0.862,44550.0,-1.0
77,167,116,10,231,116,151,421,0.9,-1.0,0.862,44550.0,-1.0
78,168,148,6,263,148,183,453,0.737,-1.0,0.604,12390.0,-1.0
79,169,116,4,231,116,151,421,0.9,-1.0,0.862,44550.0,-1.0
80,170,116,9,231,116,151,421,0.9,-1.0,0.862,44550.0,-1.0
81,171,116,10,231,116,151,421,0.9,-1.0,0.862,44550.0,-1.0
82,172,100,4,215,100,135,405,0.5,-1.0,0.455,2140.0,-1.0
83,173,100,5,215,100,135,405,0.5,-1.0,0.455,2140.0,-1.0
84,174,100,6,215,100,135,405,0.5,-1.0,0.455,2140.0,-1.0
85,175,100,12,215,100,135,405,0.5,-1.0,0.455,2140.0,-1.0
86,176,101,13,216,101,136,406,0.515,-1.0,0.476,2280.0,-1.0
87,177,101,14,216,101,136,406,0.515,-1.0,0.476,2280.0,-1.0
88,178,100,11,215,100,135,405,0.5,-1.0,0.455,2140.0,-1.0
89,179,100,12,215,100,135,405,0.5,-1.0,0.455,2140.0,-1.0
90,180,101,13,216,101,136,406,0.515,-1.0,0.476,2280.0,-1.0
91,181,101,14,216,101,136,406,0.515,-1.0,0.476,2280.0,-1.0
92,182,101,15,216,101,136,406,0.515,-1.0,0.476,2280.0,-1.0
93,183,101,16,216,101,136,406,0.515,-1.0,0.476,2280.0,-1.0
94,184,100,7,215,100,135,405,0.5,-1.0,0.455,2140.0,-1.0
95,185,100,8,215,100,135,405,0.5,-1.0,0.455,2140.0,-1.0
96,186,100,6,215,100,135,405,0.5,-1.0,0.455,2140.0,-1.0
97,187,100,5,215,100,135,405,0.5,-1.0,0.455,2140.0,-1.0
98,188,148,9,263,148,183,453,0.737,-1.0,0.604,12390.0,-1.0
99,189,148,7,263,148,183,453,0.737,-1.0,0.604,12390.0,-1.0
100,190,148,4,263,148,183,453,0.737,-1.0,0.604,12390.0,-1.0
101,191,148,9,263,148,183,453,0.737,-1.0,0.604,12390.0,-1.0
102,192,212,1,327,212,247,517,0.327,-1.0,0.202,1310.0,-1.0
103,193,212,2,327,212,247,517,0.327,-1.0,0.202,1310.0,-1.0
104,194,212,3,327,212,247,517,0.327,-1.0,0.202,1310.0,-1.0
105,195,212,4,327,212,247,517,0.327,-1.0,0.202,1310.0,-1.0
106,196,212,5,327,212,247,517,0.327,-1.0,0.202,1310.0,-1.0
107,197,116,8,231,116,151,421,0.9,-1.0,0.862,44550.0,-1.0
108,198,116,12,231,116,151,421,0.9,-1.0,0.862,44550.0,-1.0
109,199,116,4,231,116,151,421,0.9,-1.0,0.862,44550.0,-1.0
110,200,116,7,231,116,151,421,0.9,-1.0,0.862,44550.0,-1.0
111,201,116,7,231,116,151,421,0.9,-1.0,0.862,44550.0,-1.0
112,202,116,12,231,116,151,421,0.9,-1.0,0.862,44550.0,-1.0
113,203,117,13,232,117,152,422,0.903,-1.0,0.865,47140.0,-1.0
114,204,116,12,231,116,151,421,0.9,-1.0,0.862,44550.0,-1.0
115,205,116,9,231,116,151,421,0.9,-1.0,0.862,44550.0,-1.0
116,206,116,10,231,116,151,421,0.9,-1.0,0.862,44550.0,-1.0
117,207,164,6,279,164,199,469,0.718,-1.0,0.591,13450.0,-1.0
118,208,164,6,279,164,199,469,0.718,-1.0,0.591,13450.0,-1.0
119,209,164,8,279,164,199,469,0.718,-1.0,0.591,13450.0,-1.0
120,210,164,11,279,164,199,469,0.718,-1.0,0.591,13450.0,-1.0
121,211,164,11,279,164,199,469,0.718,-1.0,0.591,13450.0,-1.0
122,212,164,6,279,164,199,469,0.718,-1.0,0.591,13450.0,-1.0
123,213,164,12,279,164,199,469,0.718,-1.0,0.591,13450.0,-1.0
124,214,117,16,232,117,152,422,0.903,-1.0,0.865,47140.0,-1.0
125,215,117,15,232,117,152,422,0.903,-1.0,0.865,47140.0,-1.0
126,216,149,21,264,149,184,454,0.745,-1.0,0.62,13600.0,-1.0
127,217,149,21,264,149,184,454,0.745,-1.0,0.62,13600.0,-1.0
128,218,117,22,232,117,152,422,0.903,-1.0,0.865,47140.0,-1.0
129,219,117,18,232,117,152,422,0.903,-1.0,0.865,47140.0,-1.0
130,220,117,19,232,117,152,422,0.903,-1.0,0.865,47140.0,-1.0
131,221,117,16,232,117,152,422,0.903,-1.0,0.865,47140.0,-1.0
132,222,117,16,232,117,152,422,0.903,-1.0,0.865,47140.0,-1.0
133,223,117,17,232,117,152,422,0.903,-1.0,0.865,47140.0,-1.0
134,224,117,17,232,117,152,422,0.903,-1.0,0.865,47140.0,-1.0
135,225,117,21,232,117,152,422,0.903,-1.0,0.865,47140.0,-1.0
136,226,117,23,232,117,152,422,0.903,-1.0,0.865,47140.0,-1.0
137,227,117,24,232,117,152,422,0.903,-1.0,0.865,47140.0,-1.0
138,228,149,22,264,149,184,454,0.745,-1.0,0.62,13600.0,-1.0
139,229,117,15,232,117,152,422,0.903,-1.0,0.865,47140.0,-1.0
140,230,117,23,232,117,152,422,0.903,-1.0,0.865,47140.0,-1.0
141,231,117,22,232,117,152,422,0.903,-1.0,0.865,47140.0,-1.0
142,232,117,20,232,117,152,422,0.903,-1.0,0.865,47140.0,-1.0
143,233,117,21,232,117,152,422,0.903,-1.0,0.865,47140.0,-1.0
144,234,101,16,216,101,136,406,0.515,-1.0,0.476,2280.0,-1.0
145,235,101,17,216,101,136,406,0.515,-1.0,0.476,2280.0,-1.0
146,236,101,16,216,101,136,406,0.515,-1.0,0.476,2280.0,-1.0
147,237,101,17,216,101,136,406,0.515,-1.0,0.476,2280.0,-1.0
148,238,101,22,216,101,136,406,0.515,-1.0,0.476,2280.0,-1.0
149,239,101,22,216,101,136,406,0.515,-1.0,0.476,2280.0,-1.0
150,240,101,23,216,101,136,406,0.515,-1.0,0.476,2280.0,-1.0
151,241,101,24,216,101,136,406,0.515,-1.0,0.476,2280.0,-1.0
152,242,101,13,216,101,136,406,0.515,-1.0,0.476,2280.0,-1.0
153,243,101,17,216,101,136,406,0.515,-1.0,0.476,2280.0,-1.0
154,244,101,23,216,101,136,406,0.515,-1.0,0.476,2280.0,-1.0
155,245,101,24,216,101,136,406,0.515,-1.0,0.476,2280.0,-1.0
156,246,102,25,217,102,137,407,0.523,-1.0,0.475,2430.0,-1.0
157,247,102,26,217,102,137,407,0.523,-1.0,0.475,2430.0,-1.0
158,248,102,27,217,102,137,407,0.523,-1.0,0.475,2430.0,-1.0
159,249,101,16,216,101,136,406,0.515,-1.0,0.476,2280.0,-1.0
160,250,101,13,216,101,136,406,0.515,-1.0,0.476,2280.0,-1.0
161,251,101,18,216,101,136,406,0.515,-1.0,0.476,2280.0,-1.0
162,252,101,17,216,101,136,406,0.515,-1.0,0.476,2280.0,-1.0
163,253,101,20,216,101,136,406,0.515,-1.0,0.476,2280.0,-1.0
164,254,101,22,216,101,136,406,0.515,-1.0,0.476,2280.0,-1.0
165,255,101,23,216,101,136,406,0.515,-1.0,0.476,2280.0,-1.0
166,256,101,13,216,101,136,406,0.515,-1.0,0.476,2280.0,-1.0
167,257,149,19,264,149,184,454,0.745,-1.0,0.62,13600.0,-1.0
168,258,149,20,264,149,184,454,0.745,-1.0,0.62,13600.0,-1.0
169,259,149,20,264,149,184,454,0.745,-1.0,0.62,13600.0,-1.0
170,260,149,21,264,149,184,454,0.745,-1.0,0.62,13600.0,-1.0
171,261,149,23,264,149,184,454,0.745,-1.0,0.62,13600.0,-1.0
172,262,149,16,264,149,184,454,0.745,-1.0,0.62,13600.0,-1.0
173,263,149,22,264,149,184,454,0.745,-1.0,0.62,13600.0,-1.0
174,264,149,24,264,149,184,454,0.745,-1.0,0.62,13600.0,-1.0
175,265,149,14,264,149,184,454,0.745,-1.0,0.62,13600.0,-1.0
176,266,213,21,328,213,248,518,0.33,-1.0,0.212,1300.0,-1.0
177,267,213,22,328,213,248,518,0.33,-1.0,0.212,1300.0,-1.0
178,268,213,18,328,213,248,518,0.33,-1.0,0.212,1300.0,-1.0
179,269,117,24,232,117,152,422,0.903,-1.0,0.865,47140.0,-1.0
180,270,117,24,232,117,152,422,0.903,-1.0,0.865,47140.0,-1.0
181,271,117,24,232,117,152,422,0.903,-1.0,0.865,47140.0,-1.0
182,272,117,18,232,117,152,422,0.903,-1.0,0.865,47140.0,-1.0
183,273,117,19,232,117,152,422,0.903,-1.0,0.865,47140.0,-1.0
184,274,117,20,232,117,152,422,0.903,-1.0,0.865,47140.0,-1.0
185,275,117,19,232,117,152,422,0.903,-1.0,0.865,47140.0,-1.0
186,276,117,20,232,117,152,422,0.903,-1.0,0.865,47140.0,-1.0
187,277,117,22,232,117,152,422,0.903,-1.0,0.865,47140.0,-1.0
188,278,117,23,232,117,152,422,0.903,-1.0,0.865,47140.0,-1.0
189,279,117,19,232,117,152,422,0.903,-1.0,0.865,47140.0,-1.0
190,280,117,20,232,117,152,422,0.903,-1.0,0.865,47140.0,-1.0
191,281,117,19,232,117,152,422,0.903,-1.0,0.865,47140.0,-1.0
192,282,117,20,232,117,152,422,0.903,-1.0,0.865,47140.0,-1.0
193,283,117,22,232,117,152,422,0.903,-1.0,0.865,47140.0,-1.0
194,284,117,24,232,117,152,422,0.903,-1.0,0.865,47140.0,-1.0
195,285,117,20,232,117,152,422,0.903,-1.0,0.865,47140.0,-1.0
196,286,117,19,232,117,152,422,0.903,-1.0,0.865,47140.0,-1.0
197,287,117,13,232,117,152,422,0.903,-1.0,0.865,47140.0,-1.0
198,288,117,23,232,117,152,422,0.903,-1.0,0.865,47140.0,-1.0
199,289,117,19,232,117,152,422,0.903,-1.0,0.865,47140.0,-1.0
200,290,117,24,232,117,152,422,0.903,-1.0,0.865,47140.0,-1.0
201,291,165,22,280,165,200,470,0.731,-1.0,0.611,15140.0,-1.0
202,292,118,25,233,118,153,423,0.906,-1.0,0.869,48300.0,-1.0
203,293,118,26,233,118,153,423,0.906,-1.0,0.869,48300.0,-1.0
204,294,150,25,265,150,185,455,0.746,-1.0,0.621,14060.0,-1.0
205,295,118,26,233,118,153,423,0.906,-1.0,0.869,48300.0,-1.0
206,296,118,25,233,118,153,423,0.906,-1.0,0.869,48300.0,-1.0
207,297,182,30,297,182,217,487,0.912,-1.0,0.879,34970.0,-1.0
208,298,182,27,297,182,217,487,0.912,-1.0,0.879,34970.0,-1.0
209,299,182,30,297,182,217,487,0.912,-1.0,0.879,34970.0,-1.0
210,300,134,30,249,134,169,439,0.896,-1.0,0.833,38990.0,-1.0
211,301,134,36,249,134,169,439,0.896,-1.0,0.833,38990.0,-1.0
212,302,230,32,345,230,265,535,0.923,-1.0,0.844,51420.0,-1.0
213,303,198,32,313,198,233,503,0.921,-1.0,0.915,36810.0,-1.0
214,304,198,30,313,198,233,503,0.921,-1.0,0.915,36810.0,-1.0
215,305,183,47,298,183,218,488,0.926,-1.0,0.914,35970.0,-1.0
216,306,183,47,298,183,218,488,0.926,-1.0,0.914,35970.0,-1.0
217,307,199,41,314,199,234,504,0.924,-1.0,0.919,38160.0,-1.0
218,308,199,42,314,199,234,504,0.924,-1.0,0.919,38160.0,-1.0
219,309,199,38,314,199,234,504,0.924,-1.0,0.919,38160.0,-1.0
220,310,199,39,314,199,234,504,0.924,-1.0,0.919,38160.0,-1.0
221,311,135,40,250,135,170,440,0.898,-1.0,0.836,39780.0,-1.0
222,312,135,41,250,135,170,440,0.898,-1.0,0.836,39780.0,-1.0
223,313,183,37,298,183,218,488,0.926,-1.0,0.914,35970.0,-1.0
224,314,183,37,298,183,218,488,0.926,-1.0,0.914,35970.0,-1.0
225,315,183,38,298,183,218,488,0.926,-1.0,0.914,35970.0,-1.0
226,316,183,38,298,183,218,488,0.926,-1.0,0.914,35970.0,-1.0
227,317,135,40,250,135,170,440,0.898,-1.0,0.836,39780.0,-1.0
228,318,135,44,250,135,170,440,0.898,-1.0,0.836,39780.0,-1.0
229,319,200,49,315,200,235,505,0.924,-1.0,0.923,37650.0,1.597
230,320,199,47,314,199,234,504,0.924,-1.0,0.919,38160.0,-1.0
231,321,199,44,314,199,234,504,0.924,-1.0,0.919,38160.0,-1.0
232,322,199,43,314,199,234,504,0.924,-1.0,0.919,38160.0,-1.0
233,323,184,50,299,184,219,489,0.928,-1.0,0.916,38870.0,1.408
234,324,184,49,299,184,219,489,0.928,-1.0,0.916,38870.0,1.408
235,325,184,50,299,184,219,489,0.928,-1.0,0.916,38870.0,1.408
236,326,136,51,251,136,171,441,0.898,-1.0,0.838,38200.0,1.437
237,327,150,34,265,150,185,455,0.746,-1.0,0.621,14060.0,-1.0
238,328,150,35,265,150,185,455,0.746,-1.0,0.621,14060.0,-1.0
239,329,118,32,233,118,153,423,0.906,-1.0,0.869,48300.0,-1.0
240,330,150,33,265,150,185,455,0.746,-1.0,0.621,14060.0,-1.0
241,331,150,34,265,150,185,455,0.746,-1.0,0.621,14060.0,-1.0
242,332,118,36,233,118,153,423,0.906,-1.0,0.869,48300.0,-1.0
243,333,118,29,233,118,153,423,0.906,-1.0,0.869,48300.0,-1.0
244,334,118,28,233,118,153,423,0.906,-1.0,0.869,48300.0,-1.0
245,335,118,30,233,118,153,423,0.906,-1.0,0.869,48300.0,-1.0
246,336,118,31,233,118,153,423,0.906,-1.0,0.869,48300.0,-1.0
247,337,102,36,217,102,137,407,0.523,-1.0,0.475,2430.0,-1.0
248,338,150,35,265,150,185,455,0.746,-1.0,0.621,14060.0,-1.0
249,339,102,32,217,102,137,407,0.523,-1.0,0.475,2430.0,-1.0
250,340,102,33,217,102,137,407,0.523,-1.0,0.475,2430.0,-1.0
251,341,102,34,217,102,137,407,0.523,-1.0,0.475,2430.0,-1.0
252,342,118,29,233,118,153,423,0.906,-1.0,0.869,48300.0,-1.0
253,343,118,30,233,118,153,423,0.906,-1.0,0.869,48300.0,-1.0
254,344,118,34,233,118,153,423,0.906,-1.0,0.869,48300.0,-1.0
255,345,118,26,233,118,153,423,0.906,-1.0,0.869,48300.0,-1.0
256,346,150,32,265,150,185,455,0.746,-1.0,0.621,14060.0,-1.0
257,347,150,33,265,150,185,455,0.746,-1.0,0.621,14060.0,-1.0
258,348,118,28,233,118,153,423,0.906,-1.0,0.869,48300.0,-1.0
259,349,118,32,233,118,153,423,0.906,-1.0,0.869,48300.0,-1.0
260,350,118,36,233,118,153,423,0.906,-1.0,0.869,48300.0,-1.0
261,351,118,36,233,118,153,423,0.906,-1.0,0.869,48300.0,-1.0
262,352,102,29,217,102,137,407,0.523,-1.0,0.475,2430.0,-1.0
263,353,102,30,217,102,137,407,0.523,-1.0,0.475,2430.0,-1.0
264,354,102,35,217,102,137,407,0.523,-1.0,0.475,2430.0,-1.0
265,355,102,36,217,102,137,407,0.523,-1.0,0.475,2430.0,-1.0
266,356,102,35,217,102,137,407,0.523,-1.0,0.475,2430.0,-1.0
267,357,102,35,217,102,137,407,0.523,-1.0,0.475,2430.0,-1.0
268,358,102,30,217,102,137,407,0.523,-1.0,0.475,2430.0,-1.0
269,359,102,32,217,102,137,407,0.523,-1.0,0.475,2430.0,-1.0
270,360,150,33,265,150,185,455,0.746,-1.0,0.621,14060.0,-1.0
271,361,150,33,265,150,185,455,0.746,-1.0,0.621,14060.0,-1.0
272,362,150,31,265,150,185,455,0.746,-1.0,0.621,14060.0,-1.0
273,363,150,33,265,150,185,455,0.746,-1.0,0.621,14060.0,-1.0
274,364,150,33,265,150,185,455,0.746,-1.0,0.621,14060.0,-1.0
275,365,150,34,265,150,185,455,0.746,-1.0,0.621,14060.0,-1.0
276,366,150,34,265,150,185,455,0.746,-1.0,0.621,14060.0,-1.0
277,367,214,32,329,214,249,519,0.34,-1.0,0.222,1370.0,-1.0
278,368,214,33,329,214,249,519,0.34,-1.0,0.222,1370.0,-1.0
279,369,214,32,329,214,249,519,0.34,-1.0,0.222,1370.0,-1.0
280,370,214,29,329,214,249,519,0.34,-1.0,0.222,1370.0,-1.0
281,371,118,27,233,118,153,423,0.906,-1.0,0.869,48300.0,-1.0
282,372,118,29,233,118,153,423,0.906,-1.0,0.869,48300.0,-1.0
283,373,118,30,233,118,153,423,0.906,-1.0,0.869,48300.0,-1.0
284,374,118,30,233,118,153,423,0.906,-1.0,0.869,48300.0,-1.0
285,375,118,31,233,118,153,423,0.906,-1.0,0.869,48300.0,-1.0
286,376,118,35,233,118,153,423,0.906,-1.0,0.869,48300.0,-1.0
287,377,118,34,233,118,153,423,0.906,-1.0,0.869,48300.0,-1.0
288,378,118,32,233,118,153,423,0.906,-1.0,0.869,48300.0,-1.0
289,379,118,34,233,118,153,423,0.906,-1.0,0.869,48300.0,-1.0
290,380,118,35,233,118,153,423,0.906,-1.0,0.869,48300.0,-1.0
291,381,118,36,233,118,153,423,0.906,-1.0,0.869,48300.0,-1.0
292,382,119,37,234,119,154,424,0.911,-1.0,0.882,48400.0,-1.0
293,383,119,38,234,119,154,424,0.911,-1.0,0.882,48400.0,-1.0
294,384,119,39,234,119,154,424,0.911,-1.0,0.882,48400.0,-1.0
295,385,119,40,234,119,154,424,0.911,-1.0,0.882,48400.0,-1.0
296,386,119,41,234,119,154,424,0.911,-1.0,0.882,48400.0,-1.0
297,387,119,42,234,119,154,424,0.911,-1.0,0.882,48400.0,-1.0
298,388,119,43,234,119,154,424,0.911,-1.0,0.882,48400.0,-1.0
299,389,119,44,234,119,154,424,0.911,-1.0,0.882,48400.0,-1.0
300,390,119,45,234,119,154,424,0.911,-1.0,0.882,48400.0,-1.0
301,391,119,46,234,119,154,424,0.911,-1.0,0.882,48400.0,-1.0
302,392,119,47,234,119,154,424,0.911,-1.0,0.882,48400.0,-1.0
303,393,119,48,234,119,154,424,0.911,-1.0,0.882,48400.0,-1.0
304,394,120,49,235,120,155,425,0.912,-1.0,0.887,47030.0,2.282
305,395,120,50,235,120,155,425,0.912,-1.0,0.887,47030.0,2.282
306,396,120,51,235,120,155,425,0.912,-1.0,0.887,47030.0,2.282
307,397,120,52,235,120,155,425,0.912,-1.0,0.887,47030.0,2.282
308,398,120,53,235,120,155,425,0.912,-1.0,0.887,47030.0,2.282
309,399,120,54,235,120,155,425,0.912,-1.0,0.887,47030.0,2.282
310,400,118,27,233,118,153,423,0.906,-1.0,0.869,48300.0,-1.0
311,401,166,29,281,166,201,471,0.748,-1.0,0.642,16930.0,-1.0
312,402,151,43,266,151,186,456,0.748,-1.0,0.627,14710.0,-1.0
313,403,119,37,234,119,154,424,0.911,-1.0,0.882,48400.0,-1.0
314,404,119,41,234,119,154,424,0.911,-1.0,0.882,48400.0,-1.0
315,405,119,41,234,119,154,424,0.911,-1.0,0.882,48400.0,-1.0
316,406,119,38,234,119,154,424,0.911,-1.0,0.882,48400.0,-1.0
317,407,119,39,234,119,154,424,0.911,-1.0,0.882,48400.0,-1.0
318,408,119,43,234,119,154,424,0.911,-1.0,0.882,48400.0,-1.0
319,409,103,47,218,103,138,408,0.532,-1.0,0.484,2420.0,-1.0
320,410,167,47,282,167,202,472,0.757,-1.0,0.662,17760.0,-1.0
321,411,119,39,234,119,154,424,0.911,-1.0,0.882,48400.0,-1.0
322,412,119,40,234,119,154,424,0.911,-1.0,0.882,48400.0,-1.0
323,413,119,42,234,119,154,424,0.911,-1.0,0.882,48400.0,-1.0
324,414,119,44,234,119,154,424,0.911,-1.0,0.882,48400.0,-1.0
325,415,119,45,234,119,154,424,0.911,-1.0,0.882,48400.0,-1.0
326,416,103,46,218,103,138,408,0.532,-1.0,0.484,2420.0,-1.0
327,417,103,39,218,103,138,408,0.532,-1.0,0.484,2420.0,-1.0
328,418,103,40,218,103,138,408,0.532,-1.0,0.484,2420.0,-1.0
329,419,103,42,218,103,138,408,0.532,-1.0,0.484,2420.0,-1.0
330,420,103,46,218,103,138,408,0.532,-1.0,0.484,2420.0,-1.0
331,421,103,47,218,103,138,408,0.532,-1.0,0.484,2420.0,-1.0
332,422,103,38,218,103,138,408,0.532,-1.0,0.484,2420.0,-1.0
333,423,103,45,218,103,138,408,0.532,-1.0,0.484,2420.0,-1.0
334,424,103,39,218,103,138,408,0.532,-1.0,0.484,2420.0,-1.0
335,425,103,40,218,103,138,408,0.532,-1.0,0.484,2420.0,-1.0
336,426,151,43,266,151,186,456,0.748,-1.0,0.627,14710.0,-1.0
337,427,151,45,266,151,186,456,0.748,-1.0,0.627,14710.0,-1.0
338,428,151,40,266,151,186,456,0.748,-1.0,0.627,14710.0,-1.0
339,429,151,47,266,151,186,456,0.748,-1.0,0.627,14710.0,-1.0
340,430,151,41,266,151,186,456,0.748,-1.0,0.627,14710.0,-1.0
341,431,151,42,266,151,186,456,0.748,-1.0,0.627,14710.0,-1.0
342,432,151,43,266,151,186,456,0.748,-1.0,0.627,14710.0,-1.0
343,433,151,46,266,151,186,456,0.748,-1.0,0.627,14710.0,-1.0
344,434,151,47,266,151,186,456,0.748,-1.0,0.627,14710.0,-1.0
345,435,151,42,266,151,186,456,0.748,-1.0,0.627,14710.0,-1.0
346,436,215,43,330,215,250,520,0.346,-1.0,0.232,1350.0,-1.0
347,437,215,44,330,215,250,520,0.346,-1.0,0.232,1350.0,-1.0
348,438,215,45,330,215,250,520,0.346,-1.0,0.232,1350.0,-1.0
349,439,215,37,330,215,250,520,0.346,-1.0,0.232,1350.0,-1.0
350,440,215,38,330,215,250,520,0.346,-1.0,0.232,1350.0,-1.0
351,441,215,39,330,215,250,520,0.346,-1.0,0.232,1350.0,-1.0
352,442,215,40,330,215,250,520,0.346,-1.0,0.232,1350.0,-1.0
353,443,215,41,330,215,250,520,0.346,-1.0,0.232,1350.0,-1.0
354,444,215,42,330,215,250,520,0.346,-1.0,0.232,1350.0,-1.0
355,445,215,43,330,215,250,520,0.346,-1.0,0.232,1350.0,-1.0
356,446,215,44,330,215,250,520,0.346,-1.0,0.232,1350.0,-1.0
357,447,215,45,330,215,250,520,0.346,-1.0,0.232,1350.0,-1.0
358,448,215,46,330,215,250,520,0.346,-1.0,0.232,1350.0,-1.0
359,449,119,37,234,119,154,424,0.911,-1.0,0.882,48400.0,-1.0
360,450,119,40,234,119,154,424,0.911,-1.0,0.882,48400.0,-1.0
361,451,119,40,234,119,154,424,0.911,-1.0,0.882,48400.0,-1.0
362,452,119,48,234,119,154,424,0.911,-1.0,0.882,48400.0,-1.0
363,453,119,48,234,119,154,424,0.911,-1.0,0.882,48400.0,-1.0
364,454,119,38,234,119,154,424,0.911,-1.0,0.882,48400.0,-1.0
365,455,119,48,234,119,154,424,0.911,-1.0,0.882,48400.0,-1.0
366,456,120,49,235,120,155,425,0.912,-1.0,0.887,47030.0,2.282
367,457,119,37,234,119,154,424,0.911,-1.0,0.882,48400.0,-1.0
368,458,119,45,234,119,154,424,0.911,-1.0,0.882,48400.0,-1.0
369,459,119,44,234,119,154,424,0.911,-1.0,0.882,48400.0,-1.0
370,460,119,42,234,119,154,424,0.911,-1.0,0.882,48400.0,-1.0
371,461,119,43,234,119,154,424,0.911,-1.0,0.882,48400.0,-1.0
372,462,119,44,234,119,154,424,0.911,-1.0,0.882,48400.0,-1.0
373,463,119,44,234,119,154,424,0.911,-1.0,0.882,48400.0,-1.0
374,464,119,46,234,119,154,424,0.911,-1.0,0.882,48400.0,-1.0
375,465,119,45,234,119,154,424,0.911,-1.0,0.882,48400.0,-1.0
376,466,119,40,234,119,154,424,0.911,-1.0,0.882,48400.0,-1.0
377,467,119,47,234,119,154,424,0.911,-1.0,0.882,48400.0,-1.0
378,468,167,37,282,167,202,472,0.757,-1.0,0.662,17760.0,-1.0
379,469,167,38,282,167,202,472,0.757,-1.0,0.662,17760.0,-1.0
380,470,167,42,282,167,202,472,0.757,-1.0,0.662,17760.0,-1.0
381,471,120,52,235,120,155,425,0.912,-1.0,0.887,47030.0,2.282
382,472,104,49,219,104,139,409,0.541,-1.0,0.494,2140.0,2.507
383,473,104,49,219,104,139,409,0.541,-1.0,0.494,2140.0,2.507
384,474,104,50,219,104,139,409,0.541,-1.0,0.494,2140.0,2.507
385,475,104,49,219,104,139,409,0.541,-1.0,0.494,2140.0,2.507
386,476,152,51,267,152,187,457,0.748,-1.0,0.637,14300.0,2.358
387,477,152,52,267,152,187,457,0.748,-1.0,0.637,14300.0,2.358
388,478,152,51,267,152,187,457,0.748,-1.0,0.637,14300.0,2.358
389,479,216,49,331,216,251,521,0.361,-1.0,0.246,1570.0,1.597
390,480,216,50,331,216,251,521,0.361,-1.0,0.246,1570.0,1.597
391,481,216,51,331,216,251,521,0.361,-1.0,0.246,1570.0,1.597
392,482,216,52,331,216,251,521,0.361,-1.0,0.246,1570.0,1.597
393,483,120,51,235,120,155,425,0.912,-1.0,0.887,47030.0,2.282
394,484,120,52,235,120,155,425,0.912,-1.0,0.887,47030.0,2.282
395,485,120,49,235,120,155,425,0.912,-1.0,0.887,47030.0,2.282
396,486,120,50,235,120,155,425,0.912,-1.0,0.887,47030.0,2.282
397,487,120,51,235,120,155,425,0.912,-1.0,0.887,47030.0,2.282
398,488,232,55,347,232,267,537,0.935,-1.0,0.873,54230.0,1.458
399,489,184,53,299,184,219,489,0.928,-1.0,0.916,38870.0,1.408
400,490,184,60,299,184,219,489,0.928,-1.0,0.916,38870.0,1.408
401,491,184,49,299,184,219,489,0.928,-1.0,0.916,38870.0,1.408
402,492,184,50,299,184,219,489,0.928,-1.0,0.916,38870.0,1.408
403,493,184,49,299,184,219,489,0.928,-1.0,0.916,38870.0,1.408
404,494,184,50,299,184,219,489,0.928,-1.0,0.916,38870.0,1.408
405,495,184,59,299,184,219,489,0.928,-1.0,0.916,38870.0,1.408
406,496,136,56,251,136,171,441,0.898,-1.0,0.838,38200.0,1.437
407,497,136,52,251,136,171,441,0.898,-1.0,0.838,38200.0,1.437
408,498,136,56,251,136,171,441,0.898,-1.0,0.838,38200.0,1.437
409,499,200,55,315,200,235,505,0.924,-1.0,0.923,37650.0,1.597
410,500,200,54,315,200,235,505,0.924,-1.0,0.923,37650.0,1.597
411,501,200,60,315,200,235,505,0.924,-1.0,0.923,37650.0,1.597
412,502,201,61,316,201,236,506,0.927,-1.0,0.925,39730.0,1.62
413,503,185,63,300,185,220,490,0.93,-1.0,0.919,37810.0,1.419
414,504,185,69,300,185,220,490,0.93,-1.0,0.919,37810.0,1.419
415,505,185,63,300,185,220,490,0.93,-1.0,0.919,37810.0,1.419
416,506,201,68,316,201,236,506,0.927,-1.0,0.925,39730.0,1.62
417,507,185,62,300,185,220,490,0.93,-1.0,0.919,37810.0,1.419
418,508,185,62,300,185,220,490,0.93,-1.0,0.919,37810.0,1.419
419,509,185,63,300,185,220,490,0.93,-1.0,0.919,37810.0,1.419
420,510,185,71,300,185,220,490,0.93,-1.0,0.919,37810.0,1.419
421,511,185,72,300,185,220,490,0.93,-1.0,0.919,37810.0,1.419
422,512,185,72,300,185,220,490,0.93,-1.0,0.919,37810.0,1.419
423,513,186,73,301,186,221,491,0.932,-1.0,0.922,40320.0,1.474
424,514,186,74,301,186,221,491,0.932,-1.0,0.922,40320.0,1.474
425,515,185,63,300,185,220,490,0.93,-1.0,0.919,37810.0,1.419
426,516,185,72,300,185,220,490,0.93,-1.0,0.919,37810.0,1.419
427,517,137,72,252,137,172,442,0.901,-1.0,0.842,39310.0,1.517
428,518,233,62,348,233,268,538,0.941,-1.0,0.877,57860.0,1.449
429,519,233,71,348,233,268,538,0.941,-1.0,0.877,57860.0,1.449
430,520,233,72,348,233,268,538,0.941,-1.0,0.877,57860.0,1.449
431,521,201,72,316,201,236,506,0.927,-1.0,0.925,39730.0,1.62
432,522,201,62,316,201,236,506,0.927,-1.0,0.925,39730.0,1.62
433,523,201,71,316,201,236,506,0.927,-1.0,0.925,39730.0,1.62
434,524,201,72,316,201,236,506,0.927,-1.0,0.925,39730.0,1.62
435,525,201,69,316,201,236,506,0.927,-1.0,0.925,39730.0,1.62
436,526,201,67,316,201,236,506,0.927,-1.0,0.925,39730.0,1.62
437,527,186,74,301,186,221,491,0.932,-1.0,0.922,40320.0,1.474
438,528,186,75,301,186,221,491,0.932,-1.0,0.922,40320.0,1.474
439,529,138,76,253,138,173,443,0.903,-1.0,0.842,40880.0,1.473
440,530,138,77,253,138,173,443,0.903,-1.0,0.842,40880.0,1.473
441,531,202,73,317,202,237,507,0.933,-1.0,0.93,43630.0,1.614
442,532,202,73,317,202,237,507,0.933,-1.0,0.93,43630.0,1.614
443,533,152,57,267,152,187,457,0.748,-1.0,0.637,14300.0,2.358
444,534,120,54,235,120,155,425,0.912,-1.0,0.887,47030.0,2.282
445,535,120,52,235,120,155,425,0.912,-1.0,0.887,47030.0,2.282
446,536,104,58,219,104,139,409,0.541,-1.0,0.494,2140.0,2.507
447,537,104,59,219,104,139,409,0.541,-1.0,0.494,2140.0,2.507
448,538,104,60,219,104,139,409,0.541,-1.0,0.494,2140.0,2.507
449,539,105,61,220,105,140,410,0.551,-1.0,0.501,2290.0,2.534
450,540,152,57,267,152,187,457,0.748,-1.0,0.637,14300.0,2.358
451,541,120,53,235,120,155,425,0.912,-1.0,0.887,47030.0,2.282
452,542,216,56,331,216,251,521,0.361,-1.0,0.246,1570.0,1.597
453,543,120,51,235,120,155,425,0.912,-1.0,0.887,47030.0,2.282
454,544,120,55,235,120,155,425,0.912,-1.0,0.887,47030.0,2.282
455,545,120,50,235,120,155,425,0.912,-1.0,0.887,47030.0,2.282
456,546,120,59,235,120,155,425,0.912,-1.0,0.887,47030.0,2.282
457,547,216,60,331,216,251,521,0.361,-1.0,0.246,1570.0,1.597
458,548,217,61,332,217,252,522,0.369,-1.0,0.249,1760.0,3.021
459,549,217,62,332,217,252,522,0.369,-1.0,0.249,1760.0,3.021
460,550,217,63,332,217,252,522,0.369,-1.0,0.249,1760.0,3.021
461,551,217,64,332,217,252,522,0.369,-1.0,0.249,1760.0,3.021
462,552,217,65,332,217,252,522,0.369,-1.0,0.249,1760.0,3.021
463,553,217,66,332,217,252,522,0.369,-1.0,0.249,1760.0,3.021
464,554,217,67,332,217,252,522,0.369,-1.0,0.249,1760.0,3.021
465,555,120,56,235,120,155,425,0.912,-1.0,0.887,47030.0,2.282
466,556,104,49,219,104,139,409,0.541,-1.0,0.494,2140.0,2.507
467,557,104,50,219,104,139,409,0.541,-1.0,0.494,2140.0,2.507
468,558,104,51,219,104,139,409,0.541,-1.0,0.494,2140.0,2.507
469,559,104,52,219,104,139,409,0.541,-1.0,0.494,2140.0,2.507
470,560,104,53,219,104,139,409,0.541,-1.0,0.494,2140.0,2.507
471,561,104,59,219,104,139,409,0.541,-1.0,0.494,2140.0,2.507
472,562,104,60,219,104,139,409,0.541,-1.0,0.494,2140.0,2.507
473,563,104,59,219,104,139,409,0.541,-1.0,0.494,2140.0,2.507
474,564,104,60,219,104,139,409,0.541,-1.0,0.494,2140.0,2.507
475,565,104,55,219,104,139,409,0.541,-1.0,0.494,2140.0,2.507
476,566,104,58,219,104,139,409,0.541,-1.0,0.494,2140.0,2.507
477,567,104,57,219,104,139,409,0.541,-1.0,0.494,2140.0,2.507
478,568,152,57,267,152,187,457,0.748,-1.0,0.637,14300.0,2.358
479,569,152,59,267,152,187,457,0.748,-1.0,0.637,14300.0,2.358
480,570,152,58,267,152,187,457,0.748,-1.0,0.637,14300.0,2.358
481,571,152,55,267,152,187,457,0.748,-1.0,0.637,14300.0,2.358
482,572,152,59,267,152,187,457,0.748,-1.0,0.637,14300.0,2.358
483,573,152,58,267,152,187,457,0.748,-1.0,0.637,14300.0,2.358
484,574,152,59,267,152,187,457,0.748,-1.0,0.637,14300.0,2.358
485,575,152,60,267,152,187,457,0.748,-1.0,0.637,14300.0,2.358
486,576,152,54,267,152,187,457,0.748,-1.0,0.637,14300.0,2.358
487,577,216,57,331,216,251,521,0.361,-1.0,0.246,1570.0,1.597
488,578,120,53,235,120,155,425,0.912,-1.0,0.887,47030.0,2.282
489,579,120,60,235,120,155,425,0.912,-1.0,0.887,47030.0,2.282
490,580,120,52,235,120,155,425,0.912,-1.0,0.887,47030.0,2.282
491,581,120,57,235,120,155,425,0.912,-1.0,0.887,47030.0,2.282
492,582,120,53,235,120,155,425,0.912,-1.0,0.887,47030.0,2.282
493,583,120,55,235,120,155,425,0.912,-1.0,0.887,47030.0,2.282
494,584,120,56,235,120,155,425,0.912,-1.0,0.887,47030.0,2.282
495,585,120,57,235,120,155,425,0.912,-1.0,0.887,47030.0,2.282
496,586,120,58,235,120,155,425,0.912,-1.0,0.887,47030.0,2.282
497,587,120,53,235,120,155,425,0.912,-1.0,0.887,47030.0,2.282
498,588,168,53,283,168,203,473,0.756,-1.0,0.667,16900.0,2.441
499,589,153,69,268,153,188,458,0.748,-1.0,0.634,15070.0,2.347
500,590,169,69,284,169,204,474,0.757,-1.0,0.674,16530.0,2.465
501,591,121,65,236,121,156,426,0.916,-1.0,0.892,49050.0,2.263
502,592,153,61,268,153,188,458,0.748,-1.0,0.634,15070.0,2.347
503,593,153,62,268,153,188,458,0.748,-1.0,0.634,15070.0,2.347
504,594,153,68,268,153,188,458,0.748,-1.0,0.634,15070.0,2.347
505,595,105,63,220,105,140,410,0.551,-1.0,0.501,2290.0,2.534
506,596,105,64,220,105,140,410,0.551,-1.0,0.501,2290.0,2.534
507,597,105,65,220,105,140,410,0.551,-1.0,0.501,2290.0,2.534
508,598,153,69,268,153,188,458,0.748,-1.0,0.634,15070.0,2.347
509,599,169,71,284,169,204,474,0.757,-1.0,0.674,16530.0,2.465
510,600,169,72,284,169,204,474,0.757,-1.0,0.674,16530.0,2.465
511,601,121,65,236,121,156,426,0.916,-1.0,0.892,49050.0,2.263
512,602,121,69,236,121,156,426,0.916,-1.0,0.892,49050.0,2.263
513,603,153,66,268,153,188,458,0.748,-1.0,0.634,15070.0,2.347
514,604,153,67,268,153,188,458,0.748,-1.0,0.634,15070.0,2.347
515,605,153,69,268,153,188,458,0.748,-1.0,0.634,15070.0,2.347
516,606,121,66,236,121,156,426,0.916,-1.0,0.892,49050.0,2.263
517,607,121,64,236,121,156,426,0.916,-1.0,0.892,49050.0,2.263
518,608,121,65,236,121,156,426,0.916,-1.0,0.892,49050.0,2.263
519,609,121,63,236,121,156,426,0.916,-1.0,0.892,49050.0,2.263
520,610,121,69,236,121,156,426,0.916,-1.0,0.892,49050.0,2.263
521,611,106,73,221,106,141,411,0.559,-1.0,0.508,2440.0,2.53
522,612,121,64,236,121,156,426,0.916,-1.0,0.892,49050.0,2.263
523,613,105,65,220,105,140,410,0.551,-1.0,0.501,2290.0,2.534
524,614,105,64,220,105,140,410,0.551,-1.0,0.501,2290.0,2.534
525,615,105,61,220,105,140,410,0.551,-1.0,0.501,2290.0,2.534
526,616,105,62,220,105,140,410,0.551,-1.0,0.501,2290.0,2.534
527,617,105,63,220,105,140,410,0.551,-1.0,0.501,2290.0,2.534
528,618,105,64,220,105,140,410,0.551,-1.0,0.501,2290.0,2.534
529,619,105,65,220,105,140,410,0.551,-1.0,0.501,2290.0,2.534
530,620,105,72,220,105,140,410,0.551,-1.0,0.501,2290.0,2.534
531,621,106,73,221,106,141,411,0.559,-1.0,0.508,2440.0,2.53
532,622,106,74,221,106,141,411,0.559,-1.0,0.508,2440.0,2.53
533,623,106,75,221,106,141,411,0.559,-1.0,0.508,2440.0,2.53
534,624,106,76,221,106,141,411,0.559,-1.0,0.508,2440.0,2.53
535,625,153,64,268,153,188,458,0.748,-1.0,0.634,15070.0,2.347
536,626,153,69,268,153,188,458,0.748,-1.0,0.634,15070.0,2.347
537,627,153,69,268,153,188,458,0.748,-1.0,0.634,15070.0,2.347
538,628,153,66,268,153,188,458,0.748,-1.0,0.634,15070.0,2.347
539,629,153,72,268,153,188,458,0.748,-1.0,0.634,15070.0,2.347
540,630,153,69,268,153,188,458,0.748,-1.0,0.634,15070.0,2.347
541,631,153,70,268,153,188,458,0.748,-1.0,0.634,15070.0,2.347
542,632,153,71,268,153,188,458,0.748,-1.0,0.634,15070.0,2.347
543,633,153,66,268,153,188,458,0.748,-1.0,0.634,15070.0,2.347
544,634,153,72,268,153,188,458,0.748,-1.0,0.634,15070.0,2.347
545,635,217,68,332,217,252,522,0.369,-1.0,0.249,1760.0,3.021
546,636,217,69,332,217,252,522,0.369,-1.0,0.249,1760.0,3.021
547,637,217,66,332,217,252,522,0.369,-1.0,0.249,1760.0,3.021
548,638,217,67,332,217,252,522,0.369,-1.0,0.249,1760.0,3.021
549,639,217,68,332,217,252,522,0.369,-1.0,0.249,1760.0,3.021
550,640,217,69,332,217,252,522,0.369,-1.0,0.249,1760.0,3.021
551,641,217,61,332,217,252,522,0.369,-1.0,0.249,1760.0,3.021
552,642,217,62,332,217,252,522,0.369,-1.0,0.249,1760.0,3.021
553,643,217,63,332,217,252,522,0.369,-1.0,0.249,1760.0,3.021
554,644,217,61,332,217,252,522,0.369,-1.0,0.249,1760.0,3.021
555,645,217,62,332,217,252,522,0.369,-1.0,0.249,1760.0,3.021
556,646,217,63,332,217,252,522,0.369,-1.0,0.249,1760.0,3.021
557,647,121,64,236,121,156,426,0.916,-1.0,0.892,49050.0,2.263
558,648,121,72,236,121,156,426,0.916,-1.0,0.892,49050.0,2.263
559,649,122,73,237,122,157,427,0.919,-1.0,0.897,50870.0,2.214
560,650,121,62,236,121,156,426,0.916,-1.0,0.892,49050.0,2.263
561,651,121,62,236,121,156,426,0.916,-1.0,0.892,49050.0,2.263
562,652,121,72,236,121,156,426,0.916,-1.0,0.892,49050.0,2.263
563,653,121,61,236,121,156,426,0.916,-1.0,0.892,49050.0,2.263
564,654,121,63,236,121,156,426,0.916,-1.0,0.892,49050.0,2.263
565,655,121,66,236,121,156,426,0.916,-1.0,0.892,49050.0,2.263
566,656,121,72,236,121,156,426,0.916,-1.0,0.892,49050.0,2.263
567,657,121,64,236,121,156,426,0.916,-1.0,0.892,49050.0,2.263
568,658,121,66,236,121,156,426,0.916,-1.0,0.892,49050.0,2.263
569,659,121,69,236,121,156,426,0.916,-1.0,0.892,49050.0,2.263
570,660,170,73,285,170,205,475,0.769,-1.0,0.705,17090.0,2.432
571,661,169,69,284,169,204,474,0.757,-1.0,0.674,16530.0,2.465
572,662,154,78,269,154,189,459,0.755,-1.0,0.649,16260.0,2.409
573,663,122,77,237,122,157,427,0.919,-1.0,0.897,50870.0,2.214
574,664,122,78,237,122,157,427,0.919,-1.0,0.897,50870.0,2.214
575,665,154,78,269,154,189,459,0.755,-1.0,0.649,16260.0,2.409
576,666,154,79,269,154,189,459,0.755,-1.0,0.649,16260.0,2.409
577,667,122,73,237,122,157,427,0.919,-1.0,0.897,50870.0,2.214
578,668,122,74,237,122,157,427,0.919,-1.0,0.897,50870.0,2.214
579,669,154,75,269,154,189,459,0.755,-1.0,0.649,16260.0,2.409
580,670,154,76,269,154,189,459,0.755,-1.0,0.649,16260.0,2.409
581,671,154,77,269,154,189,459,0.755,-1.0,0.649,16260.0,2.409
582,672,154,79,269,154,189,459,0.755,-1.0,0.649,16260.0,2.409
583,673,122,76,237,122,157,427,0.919,-1.0,0.897,50870.0,2.214
584,674,106,78,221,106,141,411,0.559,-1.0,0.508,2440.0,2.53
585,675,106,74,221,106,141,411,0.559,-1.0,0.508,2440.0,2.53
586,676,154,74,269,154,189,459,0.755,-1.0,0.649,16260.0,2.409
587,677,154,77,269,154,189,459,0.755,-1.0,0.649,16260.0,2.409
588,678,154,77,269,154,189,459,0.755,-1.0,0.649,16260.0,2.409
589,679,218,75,333,218,253,523,0.38,-1.0,0.269,1750.0,2.775
590,680,122,76,237,122,157,427,0.919,-1.0,0.897,50870.0,2.214
591,681,122,77,237,122,157,427,0.919,-1.0,0.897,50870.0,2.214
592,682,122,77,237,122,157,427,0.919,-1.0,0.897,50870.0,2.214
593,683,122,77,237,122,157,427,0.919,-1.0,0.897,50870.0,2.214
594,684,122,79,237,122,157,427,0.919,-1.0,0.897,50870.0,2.214
595,685,122,76,237,122,157,427,0.919,-1.0,0.897,50870.0,2.214
596,686,122,75,237,122,157,427,0.919,-1.0,0.897,50870.0,2.214
597,687,138,80,253,138,173,443,0.903,-1.0,0.842,40880.0,1.473
598,688,234,84,349,234,269,539,0.941,-1.0,0.88,58510.0,1.426
599,689,186,80,301,186,221,491,0.932,-1.0,0.922,40320.0,1.474
600,690,186,83,301,186,221,491,0.932,-1.0,0.922,40320.0,1.474
601,691,138,80,253,138,173,443,0.903,-1.0,0.842,40880.0,1.473
602,692,138,77,253,138,173,443,0.903,-1.0,0.842,40880.0,1.473
603,693,138,80,253,138,173,443,0.903,-1.0,0.842,40880.0,1.473
604,694,187,85,302,187,222,492,0.937,162.03,0.928,41530.0,-1.0
605,695,187,86,302,187,222,492,0.937,162.03,0.928,41530.0,-1.0
606,696,187,87,302,187,222,492,0.937,162.03,0.928,41530.0,-1.0
607,697,187,86,302,187,222,492,0.937,162.03,0.928,41530.0,-1.0
608,698,187,87,302,187,222,492,0.937,162.03,0.928,41530.0,-1.0
609,699,187,90,302,187,222,492,0.937,162.03,0.928,41530.0,-1.0
610,700,139,96,254,139,174,444,0.906,164.99,0.849,41540.0,-1.0
611,701,139,92,254,139,174,444,0.906,164.99,0.849,41540.0,-1.0
612,702,139,87,254,139,174,444,0.906,164.99,0.849,41540.0,-1.0
613,703,139,86,254,139,174,444,0.906,164.99,0.849,41540.0,-1.0
614,704,235,86,350,235,270,540,0.944,194.11,0.885,61140.0,-1.0
615,705,235,96,350,235,270,540,0.944,194.11,0.885,61140.0,-1.0
616,706,235,87,350,235,270,540,0.944,194.11,0.885,61140.0,-1.0
617,707,203,86,318,203,238,508,0.934,184.42,0.933,44400.0,-1.0
618,708,203,96,318,203,238,508,0.934,184.42,0.933,44400.0,-1.0
619,709,203,95,318,203,238,508,0.934,184.42,0.933,44400.0,-1.0
620,710,204,108,319,204,239,509,0.935,204.84,0.931,46040.0,1.553
621,711,236,102,351,236,271,541,0.946,215.71,0.888,63430.0,1.385
622,712,188,97,303,188,223,493,0.931,165.8,0.906,44760.0,1.484
623,713,188,97,303,188,223,493,0.931,165.8,0.906,44760.0,1.484
624,714,188,106,303,188,223,493,0.931,165.8,0.906,44760.0,1.484
625,715,188,102,303,188,223,493,0.931,165.8,0.906,44760.0,1.484
626,716,140,108,255,140,175,445,0.913,186.03,0.864,43620.0,2.494
627,717,140,102,255,140,175,445,0.913,186.03,0.864,43620.0,2.494
628,718,140,99,255,140,175,445,0.913,186.03,0.864,43620.0,2.494
629,719,140,103,255,140,175,445,0.913,186.03,0.864,43620.0,2.494
630,720,236,108,351,236,271,541,0.946,215.71,0.888,63430.0,1.385
631,721,204,101,319,204,239,509,0.935,204.84,0.931,46040.0,1.553
632,722,204,102,319,204,239,509,0.935,204.84,0.931,46040.0,1.553
633,723,204,106,319,204,239,509,0.935,204.84,0.931,46040.0,1.553
634,724,154,82,269,154,189,459,0.755,-1.0,0.649,16260.0,2.409
635,725,154,83,269,154,189,459,0.755,-1.0,0.649,16260.0,2.409
636,726,154,81,269,154,189,459,0.755,-1.0,0.649,16260.0,2.409
637,727,106,80,221,106,141,411,0.559,-1.0,0.508,2440.0,2.53
638,728,106,81,221,106,141,411,0.559,-1.0,0.508,2440.0,2.53
639,729,106,83,221,106,141,411,0.559,-1.0,0.508,2440.0,2.53
640,730,106,83,221,106,141,411,0.559,-1.0,0.508,2440.0,2.53
641,731,106,84,221,106,141,411,0.559,-1.0,0.508,2440.0,2.53
642,732,106,80,221,106,141,411,0.559,-1.0,0.508,2440.0,2.53
643,733,106,80,221,106,141,411,0.559,-1.0,0.508,2440.0,2.53
644,734,106,81,221,106,141,411,0.559,-1.0,0.508,2440.0,2.53
645,735,106,74,221,106,141,411,0.559,-1.0,0.508,2440.0,2.53
646,736,106,74,221,106,141,411,0.559,-1.0,0.508,2440.0,2.53
647,737,106,75,221,106,141,411,0.559,-1.0,0.508,2440.0,2.53
648,738,154,84,269,154,189,459,0.755,-1.0,0.649,16260.0,2.409
649,739,154,82,269,154,189,459,0.755,-1.0,0.649,16260.0,2.409
650,740,154,79,269,154,189,459,0.755,-1.0,0.649,16260.0,2.409
651,741,154,80,269,154,189,459,0.755,-1.0,0.649,16260.0,2.409
652,742,154,81,269,154,189,459,0.755,-1.0,0.649,16260.0,2.409
653,743,154,81,269,154,189,459,0.755,-1.0,0.649,16260.0,2.409
654,744,154,82,269,154,189,459,0.755,-1.0,0.649,16260.0,2.409
655,745,154,83,269,154,189,459,0.755,-1.0,0.649,16260.0,2.409
656,746,154,84,269,154,189,459,0.755,-1.0,0.649,16260.0,2.409
657,747,218,80,333,218,253,523,0.38,-1.0,0.269,1750.0,2.775
658,748,218,81,333,218,253,523,0.38,-1.0,0.269,1750.0,2.775
659,749,218,82,333,218,253,523,0.38,-1.0,0.269,1750.0,2.775
660,750,123,87,238,123,158,428,0.92,140.62,0.898,53130.0,-1.0
661,751,219,90,334,219,254,524,0.388,-1.0,0.278,1690.0,-1.0
662,752,219,91,334,219,254,524,0.388,-1.0,0.278,1690.0,-1.0
663,753,219,92,334,219,254,524,0.388,-1.0,0.278,1690.0,-1.0
664,754,219,93,334,219,254,524,0.388,-1.0,0.278,1690.0,-1.0
665,755,219,94,334,219,254,524,0.388,-1.0,0.278,1690.0,-1.0
666,756,219,95,334,219,254,524,0.388,-1.0,0.278,1690.0,-1.0
667,757,219,96,334,219,254,524,0.388,-1.0,0.278,1690.0,-1.0
668,758,220,97,335,220,255,525,0.394,-1.0,0.286,1500.0,2.467
669,759,220,98,335,220,255,525,0.394,-1.0,0.286,1500.0,2.467
670,760,107,88,222,107,142,412,0.566,-1.0,0.515,2520.0,-1.0
671,761,107,89,222,107,142,412,0.566,-1.0,0.515,2520.0,-1.0
672,762,107,85,222,107,142,412,0.566,-1.0,0.515,2520.0,-1.0
673,763,155,87,270,155,190,460,0.759,60.31,0.658,16830.0,-1.0
674,764,155,92,270,155,190,460,0.759,60.31,0.658,16830.0,-1.0
675,765,155,90,270,155,190,460,0.759,60.31,0.658,16830.0,-1.0
676,766,155,88,270,155,190,460,0.759,60.31,0.658,16830.0,-1.0
677,767,155,90,270,155,190,460,0.759,60.31,0.658,16830.0,-1.0
678,768,155,93,270,155,190,460,0.759,60.31,0.658,16830.0,-1.0
679,769,219,91,334,219,254,524,0.388,-1.0,0.278,1690.0,-1.0
680,770,219,92,334,219,254,524,0.388,-1.0,0.278,1690.0,-1.0
681,771,219,93,334,219,254,524,0.388,-1.0,0.278,1690.0,-1.0
682,772,219,93,334,219,254,524,0.388,-1.0,0.278,1690.0,-1.0
683,773,219,94,334,219,254,524,0.388,-1.0,0.278,1690.0,-1.0
684,774,219,85,334,219,254,524,0.388,-1.0,0.278,1690.0,-1.0
685,775,219,86,334,219,254,524,0.388,-1.0,0.278,1690.0,-1.0
686,776,219,87,334,219,254,524,0.388,-1.0,0.278,1690.0,-1.0
687,777,123,90,238,123,158,428,0.92,140.62,0.898,53130.0,-1.0
688,778,123,89,238,123,158,428,0.92,140.62,0.898,53130.0,-1.0
689,779,123,90,238,123,158,428,0.92,140.62,0.898,53130.0,-1.0
690,780,123,90,238,123,158,428,0.92,140.62,0.898,53130.0,-1.0
691,781,123,91,238,123,158,428,0.92,140.62,0.898,53130.0,-1.0
692,782,123,93,238,123,158,428,0.92,140.62,0.898,53130.0,-1.0
693,783,123,85,238,123,158,428,0.92,140.62,0.898,53130.0,-1.0
694,784,123,86,238,123,158,428,0.92,140.62,0.898,53130.0,-1.0
695,785,123,88,238,123,158,428,0.92,140.62,0.898,53130.0,-1.0
696,786,123,88,238,123,158,428,0.92,140.62,0.898,53130.0,-1.0
697,787,156,104,271,156,191,461,0.756,87.94,0.652,16870.0,2.174
698,788,156,105,271,156,191,461,0.756,87.94,0.652,16870.0,2.174
699,789,156,105,271,156,191,461,0.756,87.94,0.652,16870.0,2.174
700,790,124,104,239,124,159,429,0.918,199.56,0.891,54380.0,2.172
701,791,108,99,223,108,143,413,0.573,-1.0,0.522,2740.0,2.49
702,792,108,100,223,108,143,413,0.573,-1.0,0.522,2740.0,2.49
703,793,156,105,271,156,191,461,0.756,87.94,0.652,16870.0,2.174
704,794,108,104,223,108,143,413,0.573,-1.0,0.522,2740.0,2.49
705,795,108,97,223,108,143,413,0.573,-1.0,0.522,2740.0,2.49
706,796,108,97,223,108,143,413,0.573,-1.0,0.522,2740.0,2.49
707,797,108,98,223,108,143,413,0.573,-1.0,0.522,2740.0,2.49
708,798,108,104,223,108,143,413,0.573,-1.0,0.522,2740.0,2.49
709,799,108,106,223,108,143,413,0.573,-1.0,0.522,2740.0,2.49
710,800,156,101,271,156,191,461,0.756,87.94,0.652,16870.0,2.174
711,801,156,106,271,156,191,461,0.756,87.94,0.652,16870.0,2.174
712,802,156,101,271,156,191,461,0.756,87.94,0.652,16870.0,2.174
713,803,156,106,271,156,191,461,0.756,87.94,0.652,16870.0,2.174
714,804,156,97,271,156,191,461,0.756,87.94,0.652,16870.0,2.174
715,805,156,99,271,156,191,461,0.756,87.94,0.652,16870.0,2.174
716,806,156,104,271,156,191,461,0.756,87.94,0.652,16870.0,2.174
717,807,124,102,239,124,159,429,0.918,199.56,0.891,54380.0,2.172
718,808,122,76,237,122,157,427,0.919,-1.0,0.897,50870.0,2.214
719,809,122,77,237,122,157,427,0.919,-1.0,0.897,50870.0,2.214
720,810,122,80,237,122,157,427,0.919,-1.0,0.897,50870.0,2.214
721,811,122,81,237,122,157,427,0.919,-1.0,0.897,50870.0,2.214
722,812,122,81,237,122,157,427,0.919,-1.0,0.897,50870.0,2.214
723,813,122,82,237,122,157,427,0.919,-1.0,0.897,50870.0,2.214
724,814,122,84,237,122,157,427,0.919,-1.0,0.897,50870.0,2.214
725,815,122,73,237,122,157,427,0.919,-1.0,0.897,50870.0,2.214
726,816,122,73,237,122,157,427,0.919,-1.0,0.897,50870.0,2.214
727,817,122,80,237,122,157,427,0.919,-1.0,0.897,50870.0,2.214
728,818,122,77,237,122,157,427,0.919,-1.0,0.897,50870.0,2.214
729,819,122,78,237,122,157,427,0.919,-1.0,0.897,50870.0,2.214
730,820,122,76,237,122,157,427,0.919,-1.0,0.897,50870.0,2.214
731,821,122,80,237,122,157,427,0.919,-1.0,0.897,50870.0,2.214
732,822,122,81,237,122,157,427,0.919,-1.0,0.897,50870.0,2.214
733,823,122,77,237,122,157,427,0.919,-1.0,0.897,50870.0,2.214
734,824,122,78,237,122,157,427,0.919,-1.0,0.897,50870.0,2.214
735,825,122,81,237,122,157,427,0.919,-1.0,0.897,50870.0,2.214
736,826,122,73,237,122,157,427,0.919,-1.0,0.897,50870.0,2.214
737,827,122,74,237,122,157,427,0.919,-1.0,0.897,50870.0,2.214
738,828,122,75,237,122,157,427,0.919,-1.0,0.897,50870.0,2.214
739,829,122,76,237,122,157,427,0.919,-1.0,0.897,50870.0,2.214
740,830,122,77,237,122,157,427,0.919,-1.0,0.897,50870.0,2.214
741,831,122,78,237,122,157,427,0.919,-1.0,0.897,50870.0,2.214
742,832,122,79,237,122,157,427,0.919,-1.0,0.897,50870.0,2.214
743,833,122,80,237,122,157,427,0.919,-1.0,0.897,50870.0,2.214
744,834,122,81,237,122,157,427,0.919,-1.0,0.897,50870.0,2.214
745,835,122,82,237,122,157,427,0.919,-1.0,0.897,50870.0,2.214
746,836,122,83,237,122,157,427,0.919,-1.0,0.897,50870.0,2.214
747,837,170,76,285,170,205,475,0.769,-1.0,0.705,17090.0,2.432
748,838,170,84,285,170,205,475,0.769,-1.0,0.705,17090.0,2.432
749,839,170,84,285,170,205,475,0.769,-1.0,0.705,17090.0,2.432
750,840,170,84,285,170,205,475,0.769,-1.0,0.705,17090.0,2.432
751,841,123,94,238,123,158,428,0.92,140.62,0.898,53130.0,-1.0
752,842,123,90,238,123,158,428,0.92,140.62,0.898,53130.0,-1.0
753,843,123,91,238,123,158,428,0.92,140.62,0.898,53130.0,-1.0
754,844,123,92,238,123,158,428,0.92,140.62,0.898,53130.0,-1.0
755,845,123,93,238,123,158,428,0.92,140.62,0.898,53130.0,-1.0
756,846,123,94,238,123,158,428,0.92,140.62,0.898,53130.0,-1.0
757,847,123,95,238,123,158,428,0.92,140.62,0.898,53130.0,-1.0
758,848,123,96,238,123,158,428,0.92,140.62,0.898,53130.0,-1.0
759,849,123,92,238,123,158,428,0.92,140.62,0.898,53130.0,-1.0
760,850,123,96,238,123,158,428,0.92,140.62,0.898,53130.0,-1.0
761,851,123,96,238,123,158,428,0.92,140.62,0.898,53130.0,-1.0
762,852,123,85,238,123,158,428,0.92,140.62,0.898,53130.0,-1.0
763,853,123,90,238,123,158,428,0.92,140.62,0.898,53130.0,-1.0
764,854,123,91,238,123,158,428,0.92,140.62,0.898,53130.0,-1.0
765,855,123,88,238,123,158,428,0.92,140.62,0.898,53130.0,-1.0
766,856,123,90,238,123,158,428,0.92,140.62,0.898,53130.0,-1.0
767,857,123,90,238,123,158,428,0.92,140.62,0.898,53130.0,-1.0
768,858,123,90,238,123,158,428,0.92,140.62,0.898,53130.0,-1.0
769,859,123,91,238,123,158,428,0.92,140.62,0.898,53130.0,-1.0
770,860,123,90,238,123,158,428,0.92,140.62,0.898,53130.0,-1.0
771,861,123,91,238,123,158,428,0.92,140.62,0.898,53130.0,-1.0
772,862,123,92,238,123,158,428,0.92,140.62,0.898,53130.0,-1.0
773,863,171,89,286,171,206,476,0.772,-1.0,0.708,-1.0,-1.0
774,864,171,92,286,171,206,476,0.772,-1.0,0.708,-1.0,-1.0
775,865,124,105,239,124,159,429,0.918,199.56,0.891,54380.0,2.172
776,866,124,101,239,124,159,429,0.918,199.56,0.891,54380.0,2.172
777,867,124,101,239,124,159,429,0.918,199.56,0.891,54380.0,2.172
778,868,124,107,239,124,159,429,0.918,199.56,0.891,54380.0,2.172
779,869,124,98,239,124,159,429,0.918,199.56,0.891,54380.0,2.172
780,870,124,107,239,124,159,429,0.918,199.56,0.891,54380.0,2.172
781,871,124,100,239,124,159,429,0.918,199.56,0.891,54380.0,2.172
782,872,140,103,255,140,175,445,0.913,186.03,0.864,43620.0,2.494
783,873,124,97,239,124,159,429,0.918,199.56,0.891,54380.0,2.172
784,874,124,101,239,124,159,429,0.918,199.56,0.891,54380.0,2.172
785,875,124,102,239,124,159,429,0.918,199.56,0.891,54380.0,2.172
786,876,124,98,239,124,159,429,0.918,199.56,0.891,54380.0,2.172
787,877,124,108,239,124,159,429,0.918,199.56,0.891,54380.0,2.172
788,878,124,100,239,124,159,429,0.918,199.56,0.891,54380.0,2.172
789,879,124,103,239,124,159,429,0.918,199.56,0.891,54380.0,2.172
790,880,124,104,239,124,159,429,0.918,199.56,0.891,54380.0,2.172
791,881,124,101,239,124,159,429,0.918,199.56,0.891,54380.0,2.172
792,882,124,100,239,124,159,429,0.918,199.56,0.891,54380.0,2.172
793,883,124,106,239,124,159,429,0.918,199.56,0.891,54380.0,2.172
794,884,124,107,239,124,159,429,0.918,199.56,0.891,54380.0,2.172
795,885,124,101,239,124,159,429,0.918,199.56,0.891,54380.0,2.172
796,886,124,102,239,124,159,429,0.918,199.56,0.891,54380.0,2.172
797,887,124,102,239,124,159,429,0.918,199.56,0.891,54380.0,2.172
798,888,124,102,239,124,159,429,0.918,199.56,0.891,54380.0,2.172
799,889,124,103,239,124,159,429,0.918,199.56,0.891,54380.0,2.172
800,890,124,101,239,124,159,429,0.918,199.56,0.891,54380.0,2.172
801,891,124,104,239,124,159,429,0.918,199.56,0.891,54380.0,2.172
802,892,124,105,239,124,159,429,0.918,199.56,0.891,54380.0,2.172
803,893,124,105,239,124,159,429,0.918,199.56,0.891,54380.0,2.172
804,894,172,103,287,172,207,477,0.777,-48.27,0.724,-1.0,2.356
805,895,204,103,319,204,239,509,0.935,204.84,0.931,46040.0,1.553
806,896,189,110,304,189,224,494,0.933,175.98,0.908,45660.0,1.419
807,897,141,116,256,141,176,446,0.918,178.29,0.874,45010.0,1.323
808,898,189,119,304,189,224,494,0.933,175.98,0.908,45660.0,1.419
809,899,189,109,304,189,224,494,0.933,175.98,0.908,45660.0,1.419
810,900,189,109,304,189,224,494,0.933,175.98,0.908,45660.0,1.419
811,901,141,109,256,141,176,446,0.918,178.29,0.874,45010.0,1.323
812,902,141,109,256,141,176,446,0.918,178.29,0.874,45010.0,1.323
813,903,237,119,352,237,272,542,0.942,206.23,0.877,64210.0,1.383
814,904,205,114,320,205,240,510,0.937,192.69,0.933,47950.0,1.466
815,905,205,115,320,205,240,510,0.937,192.69,0.933,47950.0,1.466
816,906,205,115,320,205,240,510,0.937,192.69,0.933,47950.0,1.466
817,907,190,124,305,190,225,495,0.938,180.81,0.918,45310.0,1.391
818,908,190,124,305,190,225,495,0.938,180.81,0.918,45310.0,1.391
819,909,190,125,305,190,225,495,0.938,180.81,0.918,45310.0,1.391
820,910,190,122,305,190,225,495,0.938,180.81,0.918,45310.0,1.391
821,911,190,122,305,190,225,495,0.938,180.81,0.918,45310.0,1.391
822,912,190,123,305,190,225,495,0.938,180.81,0.918,45310.0,1.391
823,913,190,132,305,190,225,495,0.938,180.81,0.918,45310.0,1.391
824,914,190,121,305,190,225,495,0.938,180.81,0.918,45310.0,1.391
825,915,190,131,305,190,225,495,0.938,180.81,0.918,45310.0,1.391
826,916,142,127,257,142,177,447,0.921,177.63,0.88,43990.0,1.338
827,917,143,137,258,143,178,448,0.923,177.23,0.884,45900.0,1.33
828,918,143,138,258,143,178,448,0.923,177.23,0.884,45900.0,1.33
829,919,143,139,258,143,178,448,0.923,177.23,0.884,45900.0,1.33
830,920,191,138,306,191,226,496,0.939,198.79,0.919,46140.0,1.423
831,921,191,133,306,191,226,496,0.939,198.79,0.919,46140.0,1.423
832,922,207,134,322,207,242,512,0.941,199.7,0.937,51830.0,1.459
833,923,207,137,322,207,242,512,0.941,199.7,0.937,51830.0,1.459
834,924,207,138,322,207,242,512,0.941,199.7,0.937,51830.0,1.459
835,925,108,108,223,108,143,413,0.573,-1.0,0.522,2740.0,2.49
836,926,157,113,272,157,192,462,0.761,83.47,0.661,17610.0,2.469
837,927,157,114,272,157,192,462,0.761,83.47,0.661,17610.0,2.469
838,928,157,117,272,157,192,462,0.761,83.47,0.661,17610.0,2.469
839,929,157,118,272,157,192,462,0.761,83.47,0.661,17610.0,2.469
840,930,157,117,272,157,192,462,0.761,83.47,0.661,17610.0,2.469
841,931,157,116,272,157,192,462,0.761,83.47,0.661,17610.0,2.469
842,932,157,117,272,157,192,462,0.761,83.47,0.661,17610.0,2.469
843,933,157,117,272,157,192,462,0.761,83.47,0.661,17610.0,2.469
844,934,109,120,224,109,144,414,0.58,-1.0,0.528,2980.0,2.451
845,935,110,121,225,110,145,415,0.587,-1.0,0.534,3320.0,2.412
846,936,110,122,225,110,145,415,0.587,-1.0,0.534,3320.0,2.412
847,937,110,123,225,110,145,415,0.587,-1.0,0.534,3320.0,2.412
848,938,110,124,225,110,145,415,0.587,-1.0,0.534,3320.0,2.412
849,939,110,125,225,110,145,415,0.587,-1.0,0.534,3320.0,2.412
850,940,110,126,225,110,145,415,0.587,-1.0,0.534,3320.0,2.412
851,941,110,127,225,110,145,415,0.587,-1.0,0.534,3320.0,2.412
852,942,110,128,225,110,145,415,0.587,-1.0,0.534,3320.0,2.412
853,943,110,129,225,110,145,415,0.587,-1.0,0.534,3320.0,2.412
854,944,110,130,225,110,145,415,0.587,-1.0,0.534,3320.0,2.412
855,945,110,131,225,110,145,415,0.587,-1.0,0.534,3320.0,2.412
856,946,110,132,225,110,145,415,0.587,-1.0,0.534,3320.0,2.412
857,947,111,133,226,111,146,416,0.591,-1.0,0.535,3880.0,2.415
858,948,111,134,226,111,146,416,0.591,-1.0,0.535,3880.0,2.415
859,949,111,135,226,111,146,416,0.591,-1.0,0.535,3880.0,2.415
860,950,111,136,226,111,146,416,0.591,-1.0,0.535,3880.0,2.415
861,951,111,137,226,111,146,416,0.591,-1.0,0.535,3880.0,2.415
862,952,109,109,224,109,144,414,0.58,-1.0,0.528,2980.0,2.451
863,953,109,110,224,109,144,414,0.58,-1.0,0.528,2980.0,2.451
864,954,109,111,224,109,144,414,0.58,-1.0,0.528,2980.0,2.451
865,955,109,112,224,109,144,414,0.58,-1.0,0.528,2980.0,2.451
866,956,109,113,224,109,144,414,0.58,-1.0,0.528,2980.0,2.451
867,957,109,114,224,109,144,414,0.58,-1.0,0.528,2980.0,2.451
868,958,109,115,224,109,144,414,0.58,-1.0,0.528,2980.0,2.451
869,959,109,116,224,109,144,414,0.58,-1.0,0.528,2980.0,2.451
870,960,109,117,224,109,144,414,0.58,-1.0,0.528,2980.0,2.451
871,961,109,118,224,109,144,414,0.58,-1.0,0.528,2980.0,2.451
872,962,109,119,224,109,144,414,0.58,-1.0,0.528,2980.0,2.451
873,963,109,120,224,109,144,414,0.58,-1.0,0.528,2980.0,2.451
874,964,110,121,225,110,145,415,0.587,-1.0,0.534,3320.0,2.412
875,965,110,122,225,110,145,415,0.587,-1.0,0.534,3320.0,2.412
876,966,110,123,225,110,145,415,0.587,-1.0,0.534,3320.0,2.412
877,967,110,124,225,110,145,415,0.587,-1.0,0.534,3320.0,2.412
878,968,110,125,225,110,145,415,0.587,-1.0,0.534,3320.0,2.412
879,969,157,112,272,157,192,462,0.761,83.47,0.661,17610.0,2.469
880,970,157,115,272,157,192,462,0.761,83.47,0.661,17610.0,2.469
881,971,158,123,273,158,193,463,0.766,84.97,0.672,17830.0,2.414
882,972,158,130,273,158,193,463,0.766,84.97,0.672,17830.0,2.414
883,973,110,124,225,110,145,415,0.587,-1.0,0.534,3320.0,2.412
884,974,110,124,225,110,145,415,0.587,-1.0,0.534,3320.0,2.412
885,975,110,125,225,110,145,415,0.587,-1.0,0.534,3320.0,2.412
886,976,110,132,225,110,145,415,0.587,-1.0,0.534,3320.0,2.412
887,977,111,133,226,111,146,416,0.591,-1.0,0.535,3880.0,2.415
888,978,110,124,225,110,145,415,0.587,-1.0,0.534,3320.0,2.412
889,979,158,125,273,158,193,463,0.766,84.97,0.672,17830.0,2.414
890,980,158,123,273,158,193,463,0.766,84.97,0.672,17830.0,2.414
891,981,158,121,273,158,193,463,0.766,84.97,0.672,17830.0,2.414
892,982,158,123,273,158,193,463,0.766,84.97,0.672,17830.0,2.414
893,983,158,127,273,158,193,463,0.766,84.97,0.672,17830.0,2.414
894,984,158,131,273,158,193,463,0.766,84.97,0.672,17830.0,2.414
895,985,158,132,273,158,193,463,0.766,84.97,0.672,17830.0,2.414
896,986,158,122,273,158,193,463,0.766,84.97,0.672,17830.0,2.414
897,987,111,136,226,111,146,416,0.591,-1.0,0.535,3880.0,2.415
898,988,111,137,226,111,146,416,0.591,-1.0,0.535,3880.0,2.415
899,989,111,135,226,111,146,416,0.591,-1.0,0.535,3880.0,2.415
900,990,159,133,274,159,194,464,0.768,137.01,0.677,18810.0,2.431
901,991,159,134,274,159,194,464,0.768,137.01,0.677,18810.0,2.431
902,992,159,136,274,159,194,464,0.768,137.01,0.677,18810.0,2.431
903,993,124,98,239,124,159,429,0.918,199.56,0.891,54380.0,2.172
904,994,124,108,239,124,159,429,0.918,199.56,0.891,54380.0,2.172
905,995,124,99,239,124,159,429,0.918,199.56,0.891,54380.0,2.172
906,996,124,108,239,124,159,429,0.918,199.56,0.891,54380.0,2.172
907,997,124,103,239,124,159,429,0.918,199.56,0.891,54380.0,2.172
908,998,125,120,240,125,160,430,0.92,195.55,0.892,56670.0,2.15
909,999,125,115,240,125,160,430,0.92,195.55,0.892,56670.0,2.15
910,1000,125,112,240,125,160,430,0.92,195.55,0.892,56670.0,2.15
911,1001,125,113,240,125,160,430,0.92,195.55,0.892,56670.0,2.15
912,1002,125,118,240,125,160,430,0.92,195.55,0.892,56670.0,2.15
913,1003,125,116,240,125,160,430,0.92,195.55,0.892,56670.0,2.15
914,1004,125,120,240,125,160,430,0.92,195.55,0.892,56670.0,2.15
915,1005,125,113,240,125,160,430,0.92,195.55,0.892,56670.0,2.15
916,1006,125,114,240,125,160,430,0.92,195.55,0.892,56670.0,2.15
917,1007,125,110,240,125,160,430,0.92,195.55,0.892,56670.0,2.15
918,1008,125,110,240,125,160,430,0.92,195.55,0.892,56670.0,2.15
919,1009,125,109,240,125,160,430,0.92,195.55,0.892,56670.0,2.15
920,1010,125,109,240,125,160,430,0.92,195.55,0.892,56670.0,2.15
921,1011,125,110,240,125,160,430,0.92,195.55,0.892,56670.0,2.15
922,1012,125,111,240,125,160,430,0.92,195.55,0.892,56670.0,2.15
923,1013,125,119,240,125,160,430,0.92,195.55,0.892,56670.0,2.15
924,1014,125,116,240,125,160,430,0.92,195.55,0.892,56670.0,2.15
925,1015,125,111,240,125,160,430,0.92,195.55,0.892,56670.0,2.15
926,1016,125,116,240,125,160,430,0.92,195.55,0.892,56670.0,2.15
927,1017,125,109,240,125,160,430,0.92,195.55,0.892,56670.0,2.15
928,1018,125,113,240,125,160,430,0.92,195.55,0.892,56670.0,2.15
929,1019,125,112,240,125,160,430,0.92,195.55,0.892,56670.0,2.15
930,1020,125,109,240,125,160,430,0.92,195.55,0.892,56670.0,2.15
931,1021,125,112,240,125,160,430,0.92,195.55,0.892,56670.0,2.15
932,1022,125,109,240,125,160,430,0.92,195.55,0.892,56670.0,2.15
933,1023,125,110,240,125,160,430,0.92,195.55,0.892,56670.0,2.15
934,1024,125,111,240,125,160,430,0.92,195.55,0.892,56670.0,2.15
935,1025,125,112,240,125,160,430,0.92,195.55,0.892,56670.0,2.15
936,1026,125,113,240,125,160,430,0.92,195.55,0.892,56670.0,2.15
937,1027,125,114,240,125,160,430,0.92,195.55,0.892,56670.0,2.15
938,1028,125,115,240,125,160,430,0.92,195.55,0.892,56670.0,2.15
939,1029,125,116,240,125,160,430,0.92,195.55,0.892,56670.0,2.15
940,1030,125,117,240,125,160,430,0.92,195.55,0.892,56670.0,2.15
941,1031,125,118,240,125,160,430,0.92,195.55,0.892,56670.0,2.15
942,1032,125,119,240,125,160,430,0.92,195.55,0.892,56670.0,2.15
943,1033,125,120,240,125,160,430,0.92,195.55,0.892,56670.0,2.15
944,1034,126,125,241,126,161,431,0.921,192.49,0.893,58180.0,2.143
945,1035,126,130,241,126,161,431,0.921,192.49,0.893,58180.0,2.143
946,1036,126,131,241,126,161,431,0.921,192.49,0.893,58180.0,2.143
947,1037,126,124,241,126,161,431,0.921,192.49,0.893,58180.0,2.143
948,1038,126,125,241,126,161,431,0.921,192.49,0.893,58180.0,2.143
949,1039,126,126,241,126,161,431,0.921,192.49,0.893,58180.0,2.143
950,1040,126,124,241,126,161,431,0.921,192.49,0.893,58180.0,2.143
951,1041,126,127,241,126,161,431,0.921,192.49,0.893,58180.0,2.143
952,1042,126,128,241,126,161,431,0.921,192.49,0.893,58180.0,2.143
953,1043,126,123,241,126,161,431,0.921,192.49,0.893,58180.0,2.143
954,1044,126,128,241,126,161,431,0.921,192.49,0.893,58180.0,2.143
955,1045,126,132,241,126,161,431,0.921,192.49,0.893,58180.0,2.143
956,1046,127,133,242,127,162,432,0.922,183.96,0.896,58870.0,2.092
957,1047,126,122,241,126,161,431,0.921,192.49,0.893,58180.0,2.143
958,1048,126,121,241,126,161,431,0.921,192.49,0.893,58180.0,2.143
959,1049,126,122,241,126,161,431,0.921,192.49,0.893,58180.0,2.143
960,1050,126,132,241,126,161,431,0.921,192.49,0.893,58180.0,2.143
961,1051,126,131,241,126,161,431,0.921,192.49,0.893,58180.0,2.143
962,1052,126,132,241,126,161,431,0.921,192.49,0.893,58180.0,2.143
963,1053,126,130,241,126,161,431,0.921,192.49,0.893,58180.0,2.143
964,1054,126,121,241,126,161,431,0.921,192.49,0.893,58180.0,2.143
965,1055,126,125,241,126,161,431,0.921,192.49,0.893,58180.0,2.143
966,1056,126,125,241,126,161,431,0.921,192.49,0.893,58180.0,2.143
967,1057,126,121,241,126,161,431,0.921,192.49,0.893,58180.0,2.143
968,1058,126,122,241,126,161,431,0.921,192.49,0.893,58180.0,2.143
969,1059,126,123,241,126,161,431,0.921,192.49,0.893,58180.0,2.143
970,1060,126,125,241,126,161,431,0.921,192.49,0.893,58180.0,2.143
971,1061,126,129,241,126,161,431,0.921,192.49,0.893,58180.0,2.143
972,1062,126,129,241,126,161,431,0.921,192.49,0.893,58180.0,2.143
973,1063,126,129,241,126,161,431,0.921,192.49,0.893,58180.0,2.143
974,1064,126,123,241,126,161,431,0.921,192.49,0.893,58180.0,2.143
975,1065,126,125,241,126,161,431,0.921,192.49,0.893,58180.0,2.143
976,1066,126,130,241,126,161,431,0.921,192.49,0.893,58180.0,2.143
977,1067,126,121,241,126,161,431,0.921,192.49,0.893,58180.0,2.143
978,1068,126,122,241,126,161,431,0.921,192.49,0.893,58180.0,2.143
979,1069,126,123,241,126,161,431,0.921,192.49,0.893,58180.0,2.143
980,1070,126,124,241,126,161,431,0.921,192.49,0.893,58180.0,2.143
981,1071,126,125,241,126,161,431,0.921,192.49,0.893,58180.0,2.143
982,1072,126,126,241,126,161,431,0.921,192.49,0.893,58180.0,2.143
983,1073,126,127,241,126,161,431,0.921,192.49,0.893,58180.0,2.143
984,1074,126,128,241,126,161,431,0.921,192.49,0.893,58180.0,2.143
985,1075,126,129,241,126,161,431,0.921,192.49,0.893,58180.0,2.143
986,1076,126,130,241,126,161,431,0.921,192.49,0.893,58180.0,2.143
987,1077,126,131,241,126,161,431,0.921,192.49,0.893,58180.0,2.143
988,1078,126,132,241,126,161,431,0.921,192.49,0.893,58180.0,2.143
989,1079,126,125,241,126,161,431,0.921,192.49,0.893,58180.0,2.143
990,1080,126,127,241,126,161,431,0.921,192.49,0.893,58180.0,2.143
991,1081,126,128,241,126,161,431,0.921,192.49,0.893,58180.0,2.143
992,1082,126,127,241,126,161,431,0.921,192.49,0.893,58180.0,2.143
993,1083,126,128,241,126,161,431,0.921,192.49,0.893,58180.0,2.143
994,1084,174,126,289,174,209,479,0.769,-53.04,0.724,-1.0,2.512
995,1085,174,127,289,174,209,479,0.769,-53.04,0.724,-1.0,2.512
996,1086,174,129,289,174,209,479,0.769,-53.04,0.724,-1.0,2.512
997,1087,127,133,242,127,162,432,0.922,183.96,0.896,58870.0,2.092
998,1088,127,138,242,127,162,432,0.922,183.96,0.896,58870.0,2.092
999,1089,127,136,242,127,162,432,0.922,183.96,0.896,58870.0,2.092
1000,1090,127,137,242,127,162,432,0.922,183.96,0.896,58870.0,2.092
1001,1091,127,136,242,127,162,432,0.922,183.96,0.896,58870.0,2.092
1002,1092,127,137,242,127,162,432,0.922,183.96,0.896,58870.0,2.092
1003,1093,127,135,242,127,162,432,0.922,183.96,0.896,58870.0,2.092
1004,1094,127,135,242,127,162,432,0.922,183.96,0.896,58870.0,2.092
1005,1095,127,136,242,127,162,432,0.922,183.96,0.896,58870.0,2.092
1006,1096,127,137,242,127,162,432,0.922,183.96,0.896,58870.0,2.092
1007,1097,127,138,242,127,162,432,0.922,183.96,0.896,58870.0,2.092
1008,1098,127,137,242,127,162,432,0.922,183.96,0.896,58870.0,2.092
1009,1099,127,135,242,127,162,432,0.922,183.96,0.896,58870.0,2.092
1010,1100,127,133,242,127,162,432,0.922,183.96,0.896,58870.0,2.092
1011,1101,127,134,242,127,162,432,0.922,183.96,0.896,58870.0,2.092
1012,1102,127,138,242,127,162,432,0.922,183.96,0.896,58870.0,2.092
1013,1103,127,133,242,127,162,432,0.922,183.96,0.896,58870.0,2.092
1014,1104,127,133,242,127,162,432,0.922,183.96,0.896,58870.0,2.092
1015,1105,127,136,242,127,162,432,0.922,183.96,0.896,58870.0,2.092
1016,1106,191,133,306,191,226,496,0.939,198.79,0.919,46140.0,1.423
1017,1107,191,141,306,191,226,496,0.939,198.79,0.919,46140.0,1.423
1018,1108,143,138,258,143,178,448,0.923,177.23,0.884,45900.0,1.33
1019,1109,208,152,323,208,243,513,0.943,189.74,0.94,54340.0,1.481
1020,1110,192,146,307,192,227,497,0.941,176.54,0.923,47090.0,1.43
1021,1111,144,151,259,144,179,449,0.926,167.18,0.889,47700.0,1.33
1022,1112,144,152,259,144,179,449,0.926,167.18,0.889,47700.0,1.33
1023,1113,144,153,259,144,179,449,0.926,167.18,0.889,47700.0,1.33
1024,1114,192,147,307,192,227,497,0.941,176.54,0.923,47090.0,1.43
1025,1115,192,148,307,192,227,497,0.941,176.54,0.923,47090.0,1.43
1026,1116,192,147,307,192,227,497,0.941,176.54,0.923,47090.0,1.43
1027,1117,144,149,259,144,179,449,0.926,167.18,0.889,47700.0,1.33
1028,1118,144,152,259,144,179,449,0.926,167.18,0.889,47700.0,1.33
1029,1119,240,152,355,240,275,545,0.949,173.54,0.888,68170.0,1.347
1030,1120,208,150,323,208,243,513,0.943,189.74,0.94,54340.0,1.481
1031,1121,208,151,323,208,243,513,0.943,189.74,0.94,54340.0,1.481
1032,1122,208,151,323,208,243,513,0.943,189.74,0.94,54340.0,1.481
1033,1123,145,163,260,145,180,450,0.928,173.9,0.893,49140.0,1.34
1034,1124,145,164,260,145,180,450,0.928,173.9,0.893,49140.0,1.34
1035,1125,241,157,356,241,276,546,0.955,190.81,0.9,68800.0,1.379
1036,1126,209,157,324,209,244,514,0.946,190.04,0.943,57010.0,1.531
1037,1127,193,168,308,193,228,498,0.943,188.7,0.923,48600.0,1.44
1038,1128,194,169,309,194,229,499,0.944,191.13,0.924,50090.0,1.453
1039,1129,193,157,308,193,228,498,0.943,188.7,0.923,48600.0,1.44
1040,1130,193,158,308,193,228,498,0.943,188.7,0.923,48600.0,1.44
1041,1131,193,159,308,193,228,498,0.943,188.7,0.923,48600.0,1.44
1042,1132,193,160,308,193,228,498,0.943,188.7,0.923,48600.0,1.44
1043,1133,193,161,308,193,228,498,0.943,188.7,0.923,48600.0,1.44
1044,1134,193,162,308,193,228,498,0.943,188.7,0.923,48600.0,1.44
1045,1135,193,163,308,193,228,498,0.943,188.7,0.923,48600.0,1.44
1046,1136,193,164,308,193,228,498,0.943,188.7,0.923,48600.0,1.44
1047,1137,193,159,308,193,228,498,0.943,188.7,0.923,48600.0,1.44
1048,1138,145,165,260,145,180,450,0.928,173.9,0.893,49140.0,1.34
1049,1139,145,162,260,145,180,450,0.928,173.9,0.893,49140.0,1.34
1050,1140,145,163,260,145,180,450,0.928,173.9,0.893,49140.0,1.34
1051,1141,145,160,260,145,180,450,0.928,173.9,0.893,49140.0,1.34
1052,1142,145,161,260,145,180,450,0.928,173.9,0.893,49140.0,1.34
1053,1143,241,164,356,241,276,546,0.955,190.81,0.9,68800.0,1.379
1054,1144,209,163,324,209,244,514,0.946,190.04,0.943,57010.0,1.531
1055,1145,146,172,261,146,181,451,0.929,170.32,0.894,48680.0,1.338
1056,1146,146,173,261,146,181,451,0.929,170.32,0.894,48680.0,1.338
1057,1147,194,171,309,194,229,499,0.944,191.13,0.924,50090.0,1.453
1058,1148,242,169,357,242,277,547,0.955,195.93,0.9,69440.0,1.348
1059,1149,194,169,309,194,229,499,0.944,191.13,0.924,50090.0,1.453
1060,1150,194,170,309,194,229,499,0.944,191.13,0.924,50090.0,1.453
1061,1151,210,169,325,210,245,515,0.947,187.05,0.943,57460.0,1.553
1062,1152,159,140,274,159,194,464,0.768,137.01,0.677,18810.0,2.431
1063,1153,159,143,274,159,194,464,0.768,137.01,0.677,18810.0,2.431
1064,1154,159,141,274,159,194,464,0.768,137.01,0.677,18810.0,2.431
1065,1155,159,141,274,159,194,464,0.768,137.01,0.677,18810.0,2.431
1066,1156,111,138,226,111,146,416,0.591,-1.0,0.535,3880.0,2.415
1067,1157,111,139,226,111,146,416,0.591,-1.0,0.535,3880.0,2.415
1068,1158,111,140,226,111,146,416,0.591,-1.0,0.535,3880.0,2.415
1069,1159,111,141,226,111,146,416,0.591,-1.0,0.535,3880.0,2.415
1070,1160,111,142,226,111,146,416,0.591,-1.0,0.535,3880.0,2.415
1071,1161,111,143,226,111,146,416,0.591,-1.0,0.535,3880.0,2.415
1072,1162,111,144,226,111,146,416,0.591,-1.0,0.535,3880.0,2.415
1073,1163,112,145,227,112,147,417,0.595,-1.0,0.536,4130.0,2.406
1074,1164,112,146,227,112,147,417,0.595,-1.0,0.536,4130.0,2.406
1075,1165,112,147,227,112,147,417,0.595,-1.0,0.536,4130.0,2.406
1076,1166,112,148,227,112,147,417,0.595,-1.0,0.536,4130.0,2.406
1077,1167,112,149,227,112,147,417,0.595,-1.0,0.536,4130.0,2.406
1078,1168,112,150,227,112,147,417,0.595,-1.0,0.536,4130.0,2.406
1079,1169,112,151,227,112,147,417,0.595,-1.0,0.536,4130.0,2.406
1080,1170,112,152,227,112,147,417,0.595,-1.0,0.536,4130.0,2.406
1081,1171,112,153,227,112,147,417,0.595,-1.0,0.536,4130.0,2.406
1082,1172,112,154,227,112,147,417,0.595,-1.0,0.536,4130.0,2.406
1083,1173,112,155,227,112,147,417,0.595,-1.0,0.536,4130.0,2.406
1084,1174,112,156,227,112,147,417,0.595,-1.0,0.536,4130.0,2.406
1085,1175,113,157,228,113,148,418,0.599,-1.0,0.536,4380.0,2.351
1086,1176,111,144,226,111,146,416,0.591,-1.0,0.535,3880.0,2.415
1087,1177,111,136,226,111,146,416,0.591,-1.0,0.535,3880.0,2.415
1088,1178,159,141,274,159,194,464,0.768,137.01,0.677,18810.0,2.431
1089,1179,159,142,274,159,194,464,0.768,137.01,0.677,18810.0,2.431
1090,1180,159,134,274,159,194,464,0.768,137.01,0.677,18810.0,2.431
1091,1181,159,144,274,159,194,464,0.768,137.01,0.677,18810.0,2.431
1092,1182,159,141,274,159,194,464,0.768,137.01,0.677,18810.0,2.431
1093,1183,160,153,275,160,195,465,0.771,129.06,0.681,19210.0,2.534
1094,1184,160,150,275,160,195,465,0.771,129.06,0.681,19210.0,2.534
1095,1185,160,152,275,160,195,465,0.771,129.06,0.681,19210.0,2.534
1096,1186,160,153,275,160,195,465,0.771,129.06,0.681,19210.0,2.534
1097,1187,160,153,275,160,195,465,0.771,129.06,0.681,19210.0,2.534
1098,1188,160,152,275,160,195,465,0.771,129.06,0.681,19210.0,2.534
1099,1189,160,153,275,160,195,465,0.771,129.06,0.681,19210.0,2.534
1100,1190,112,149,227,112,147,417,0.595,-1.0,0.536,4130.0,2.406
1101,1191,112,145,227,112,147,417,0.595,-1.0,0.536,4130.0,2.406
1102,1192,112,146,227,112,147,417,0.595,-1.0,0.536,4130.0,2.406
1103,1193,112,147,227,112,147,417,0.595,-1.0,0.536,4130.0,2.406
1104,1194,112,148,227,112,147,417,0.595,-1.0,0.536,4130.0,2.406
1105,1195,112,149,227,112,147,417,0.595,-1.0,0.536,4130.0,2.406
1106,1196,112,150,227,112,147,417,0.595,-1.0,0.536,4130.0,2.406
1107,1197,112,151,227,112,147,417,0.595,-1.0,0.536,4130.0,2.406
1108,1198,112,152,227,112,147,417,0.595,-1.0,0.536,4130.0,2.406
1109,1199,112,153,227,112,147,417,0.595,-1.0,0.536,4130.0,2.406
1110,1200,112,154,227,112,147,417,0.595,-1.0,0.536,4130.0,2.406
1111,1201,112,155,227,112,147,417,0.595,-1.0,0.536,4130.0,2.406
1112,1202,112,154,227,112,147,417,0.595,-1.0,0.536,4130.0,2.406
1113,1203,112,155,227,112,147,417,0.595,-1.0,0.536,4130.0,2.406
1114,1204,112,156,227,112,147,417,0.595,-1.0,0.536,4130.0,2.406
1115,1205,113,157,228,113,148,418,0.599,-1.0,0.536,4380.0,2.351
1116,1206,113,158,228,113,148,418,0.599,-1.0,0.536,4380.0,2.351
1117,1207,112,145,227,112,147,417,0.595,-1.0,0.536,4130.0,2.406
1118,1208,112,148,227,112,147,417,0.595,-1.0,0.536,4130.0,2.406
1119,1209,112,156,227,112,147,417,0.595,-1.0,0.536,4130.0,2.406
1120,1210,112,150,227,112,147,417,0.595,-1.0,0.536,4130.0,2.406
1121,1211,160,153,275,160,195,465,0.771,129.06,0.681,19210.0,2.534
1122,1212,160,154,275,160,195,465,0.771,129.06,0.681,19210.0,2.534
1123,1213,160,148,275,160,195,465,0.771,129.06,0.681,19210.0,2.534
1124,1214,160,149,275,160,195,465,0.771,129.06,0.681,19210.0,2.534
1125,1215,160,156,275,160,195,465,0.771,129.06,0.681,19210.0,2.534
1126,1216,160,156,275,160,195,465,0.771,129.06,0.681,19210.0,2.534
1127,1217,160,149,275,160,195,465,0.771,129.06,0.681,19210.0,2.534
1128,1218,113,161,228,113,148,418,0.599,-1.0,0.536,4380.0,2.351
1129,1219,161,166,276,161,196,466,0.776,126.42,0.694,19550.0,2.538
1130,1220,113,162,228,113,148,418,0.599,-1.0,0.536,4380.0,2.351
1131,1221,113,160,228,113,148,418,0.599,-1.0,0.536,4380.0,2.351
1132,1222,113,166,228,113,148,418,0.599,-1.0,0.536,4380.0,2.351
1133,1223,113,162,228,113,148,418,0.599,-1.0,0.536,4380.0,2.351
1134,1224,113,159,228,113,148,418,0.599,-1.0,0.536,4380.0,2.351
1135,1225,113,159,228,113,148,418,0.599,-1.0,0.536,4380.0,2.351
1136,1226,113,160,228,113,148,418,0.599,-1.0,0.536,4380.0,2.351
1137,1227,113,161,228,113,148,418,0.599,-1.0,0.536,4380.0,2.351
1138,1228,161,158,276,161,196,466,0.776,126.42,0.694,19550.0,2.538
1139,1229,161,165,276,161,196,466,0.776,126.42,0.694,19550.0,2.538
1140,1230,161,166,276,161,196,466,0.776,126.42,0.694,19550.0,2.538
1141,1231,161,158,276,161,196,466,0.776,126.42,0.694,19550.0,2.538
1142,1232,161,163,276,161,196,466,0.776,126.42,0.694,19550.0,2.538
1143,1233,161,163,276,161,196,466,0.776,126.42,0.694,19550.0,2.538
1144,1234,114,169,229,114,149,419,0.601,-1.0,0.534,4570.0,2.323
1145,1235,114,170,229,114,149,419,0.601,-1.0,0.534,4570.0,2.323
1146,1236,114,171,229,114,149,419,0.601,-1.0,0.534,4570.0,2.323
1147,1237,114,172,229,114,149,419,0.601,-1.0,0.534,4570.0,2.323
1148,1238,114,173,229,114,149,419,0.601,-1.0,0.534,4570.0,2.323
1149,1239,114,174,229,114,149,419,0.601,-1.0,0.534,4570.0,2.323
1150,1240,114,175,229,114,149,419,0.601,-1.0,0.534,4570.0,2.323
1151,1241,114,176,229,114,149,419,0.601,-1.0,0.534,4570.0,2.323
1152,1242,114,177,229,114,149,419,0.601,-1.0,0.534,4570.0,2.323
1153,1243,114,169,229,114,149,419,0.601,-1.0,0.534,4570.0,2.323
1154,1244,114,170,229,114,149,419,0.601,-1.0,0.534,4570.0,2.323
1155,1245,114,171,229,114,149,419,0.601,-1.0,0.534,4570.0,2.323
1156,1246,114,172,229,114,149,419,0.601,-1.0,0.534,4570.0,2.323
1157,1247,114,173,229,114,149,419,0.601,-1.0,0.534,4570.0,2.323
1158,1248,162,173,277,162,197,467,0.779,123.48,0.703,19290.0,2.514
1159,1249,162,171,277,162,197,467,0.779,123.48,0.703,19290.0,2.514
1160,1250,162,169,277,162,197,467,0.779,123.48,0.703,19290.0,2.514
1161,1251,119,38,234,119,154,424,0.911,-1.0,0.882,48400.0,-1.0
1162,1252,127,141,242,127,162,432,0.922,183.96,0.896,58870.0,2.092
1163,1253,127,141,242,127,162,432,0.922,183.96,0.896,58870.0,2.092
1164,1254,127,143,242,127,162,432,0.922,183.96,0.896,58870.0,2.092
1165,1255,127,144,242,127,162,432,0.922,183.96,0.896,58870.0,2.092
1166,1256,127,144,242,127,162,432,0.922,183.96,0.896,58870.0,2.092
1167,1257,127,142,242,127,162,432,0.922,183.96,0.896,58870.0,2.092
1168,1258,127,136,242,127,162,432,0.922,183.96,0.896,58870.0,2.092
1169,1259,127,137,242,127,162,432,0.922,183.96,0.896,58870.0,2.092
1170,1260,127,138,242,127,162,432,0.922,183.96,0.896,58870.0,2.092
1171,1261,127,139,242,127,162,432,0.922,183.96,0.896,58870.0,2.092
1172,1262,127,140,242,127,162,432,0.922,183.96,0.896,58870.0,2.092
1173,1263,127,141,242,127,162,432,0.922,183.96,0.896,58870.0,2.092
1174,1264,127,142,242,127,162,432,0.922,183.96,0.896,58870.0,2.092
1175,1265,127,143,242,127,162,432,0.922,183.96,0.896,58870.0,2.092
1176,1266,127,144,242,127,162,432,0.922,183.96,0.896,58870.0,2.092
1177,1267,128,145,243,128,163,433,0.924,179.73,0.899,61190.0,2.201
1178,1268,128,146,243,128,163,433,0.924,179.73,0.899,61190.0,2.201
1179,1269,128,147,243,128,163,433,0.924,179.73,0.899,61190.0,2.201
1180,1270,128,148,243,128,163,433,0.924,179.73,0.899,61190.0,2.201
1181,1271,127,143,242,127,162,432,0.922,183.96,0.896,58870.0,2.092
1182,1272,127,139,242,127,162,432,0.922,183.96,0.896,58870.0,2.092
1183,1273,127,140,242,127,162,432,0.922,183.96,0.896,58870.0,2.092
1184,1274,127,140,242,127,162,432,0.922,183.96,0.896,58870.0,2.092
1185,1275,127,143,242,127,162,432,0.922,183.96,0.896,58870.0,2.092
1186,1276,127,144,242,127,162,432,0.922,183.96,0.896,58870.0,2.092
1187,1277,127,139,242,127,162,432,0.922,183.96,0.896,58870.0,2.092
1188,1278,127,142,242,127,162,432,0.922,183.96,0.896,58870.0,2.092
1189,1279,127,141,242,127,162,432,0.922,183.96,0.896,58870.0,2.092
1190,1280,127,144,242,127,162,432,0.922,183.96,0.896,58870.0,2.092
1191,1281,127,140,242,127,162,432,0.922,183.96,0.896,58870.0,2.092
1192,1282,127,135,242,127,162,432,0.922,183.96,0.896,58870.0,2.092
1193,1283,175,141,290,175,210,480,0.759,-1.0,0.722,-1.0,2.601
1194,1284,175,143,290,175,210,480,0.759,-1.0,0.722,-1.0,2.601
1195,1285,175,144,290,175,210,480,0.759,-1.0,0.722,-1.0,2.601
1196,1286,128,145,243,128,163,433,0.924,179.73,0.899,61190.0,2.201
1197,1287,128,148,243,128,163,433,0.924,179.73,0.899,61190.0,2.201
1198,1288,128,149,243,128,163,433,0.924,179.73,0.899,61190.0,2.201
1199,1289,128,152,243,128,163,433,0.924,179.73,0.899,61190.0,2.201
1200,1290,128,156,243,128,163,433,0.924,179.73,0.899,61190.0,2.201
1201,1291,129,157,244,129,164,434,0.925,180.56,0.899,64090.0,2.235
1202,1292,128,146,243,128,163,433,0.924,179.73,0.899,61190.0,2.201
1203,1293,128,150,243,128,163,433,0.924,179.73,0.899,61190.0,2.201
1204,1294,128,147,243,128,163,433,0.924,179.73,0.899,61190.0,2.201
1205,1295,128,152,243,128,163,433,0.924,179.73,0.899,61190.0,2.201
1206,1296,128,146,243,128,163,433,0.924,179.73,0.899,61190.0,2.201
1207,1297,128,147,243,128,163,433,0.924,179.73,0.899,61190.0,2.201
1208,1298,128,149,243,128,163,433,0.924,179.73,0.899,61190.0,2.201
1209,1299,128,147,243,128,163,433,0.924,179.73,0.899,61190.0,2.201
1210,1300,128,150,243,128,163,433,0.924,179.73,0.899,61190.0,2.201
1211,1301,128,155,243,128,163,433,0.924,179.73,0.899,61190.0,2.201
1212,1302,128,153,243,128,163,433,0.924,179.73,0.899,61190.0,2.201
1213,1303,224,147,339,224,259,529,0.396,-1.0,0.288,1570.0,2.498
1214,1304,224,148,339,224,259,529,0.396,-1.0,0.288,1570.0,2.498
1215,1305,224,149,339,224,259,529,0.396,-1.0,0.288,1570.0,2.498
1216,1306,224,152,339,224,259,529,0.396,-1.0,0.288,1570.0,2.498
1217,1307,224,153,339,224,259,529,0.396,-1.0,0.288,1570.0,2.498
1218,1308,224,154,339,224,259,529,0.396,-1.0,0.288,1570.0,2.498
1219,1309,128,147,243,128,163,433,0.924,179.73,0.899,61190.0,2.201
1220,1310,128,145,243,128,163,433,0.924,179.73,0.899,61190.0,2.201
1221,1311,128,151,243,128,163,433,0.924,179.73,0.899,61190.0,2.201
1222,1312,128,146,243,128,163,433,0.924,179.73,0.899,61190.0,2.201
1223,1313,128,153,243,128,163,433,0.924,179.73,0.899,61190.0,2.201
1224,1314,128,154,243,128,163,433,0.924,179.73,0.899,61190.0,2.201
1225,1315,128,151,243,128,163,433,0.924,179.73,0.899,61190.0,2.201
1226,1316,128,150,243,128,163,433,0.924,179.73,0.899,61190.0,2.201
1227,1317,128,151,243,128,163,433,0.924,179.73,0.899,61190.0,2.201
1228,1318,128,152,243,128,163,433,0.924,179.73,0.899,61190.0,2.201
1229,1319,128,153,243,128,163,433,0.924,179.73,0.899,61190.0,2.201
1230,1320,128,154,243,128,163,433,0.924,179.73,0.899,61190.0,2.201
1231,1321,128,155,243,128,163,433,0.924,179.73,0.899,61190.0,2.201
1232,1322,128,156,243,128,163,433,0.924,179.73,0.899,61190.0,2.201
1233,1323,128,151,243,128,163,433,0.924,179.73,0.899,61190.0,2.201
1234,1324,128,145,243,128,163,433,0.924,179.73,0.899,61190.0,2.201
1235,1325,128,155,243,128,163,433,0.924,179.73,0.899,61190.0,2.201
1236,1326,128,147,243,128,163,433,0.924,179.73,0.899,61190.0,2.201
1237,1327,128,148,243,128,163,433,0.924,179.73,0.899,61190.0,2.201
1238,1328,128,149,243,128,163,433,0.924,179.73,0.899,61190.0,2.201
1239,1329,128,150,243,128,163,433,0.924,179.73,0.899,61190.0,2.201
1240,1330,128,151,243,128,163,433,0.924,179.73,0.899,61190.0,2.201
1241,1331,128,152,243,128,163,433,0.924,179.73,0.899,61190.0,2.201
1242,1332,128,153,243,128,163,433,0.924,179.73,0.899,61190.0,2.201
1243,1333,128,154,243,128,163,433,0.924,179.73,0.899,61190.0,2.201
1244,1334,128,155,243,128,163,433,0.924,179.73,0.899,61190.0,2.201
1245,1335,128,156,243,128,163,433,0.924,179.73,0.899,61190.0,2.201
1246,1336,128,156,243,128,163,433,0.924,179.73,0.899,61190.0,2.201
1247,1337,128,156,243,128,163,433,0.924,179.73,0.899,61190.0,2.201
1248,1338,129,159,244,129,164,434,0.925,180.56,0.899,64090.0,2.235
1249,1339,129,160,244,129,164,434,0.925,180.56,0.899,64090.0,2.235
1250,1340,129,161,244,129,164,434,0.925,180.56,0.899,64090.0,2.235
1251,1341,129,163,244,129,164,434,0.925,180.56,0.899,64090.0,2.235
1252,1342,129,164,244,129,164,434,0.925,180.56,0.899,64090.0,2.235
1253,1343,129,164,244,129,164,434,0.925,180.56,0.899,64090.0,2.235
1254,1344,129,160,244,129,164,434,0.925,180.56,0.899,64090.0,2.235
1255,1345,129,166,244,129,164,434,0.925,180.56,0.899,64090.0,2.235
1256,1346,129,157,244,129,164,434,0.925,180.56,0.899,64090.0,2.235
1257,1347,129,168,244,129,164,434,0.925,180.56,0.899,64090.0,2.235
1258,1348,129,165,244,129,164,434,0.925,180.56,0.899,64090.0,2.235
1259,1349,129,157,244,129,164,434,0.925,180.56,0.899,64090.0,2.235
1260,1350,129,166,244,129,164,434,0.925,180.56,0.899,64090.0,2.235
1261,1351,129,163,244,129,164,434,0.925,180.56,0.899,64090.0,2.235
1262,1352,225,161,340,225,260,530,0.397,-1.0,0.29,1590.0,2.443
1263,1353,225,162,340,225,260,530,0.397,-1.0,0.29,1590.0,2.443
1264,1354,225,163,340,225,260,530,0.397,-1.0,0.29,1590.0,2.443
1265,1355,225,164,340,225,260,530,0.397,-1.0,0.29,1590.0,2.443
1266,1356,225,165,340,225,260,530,0.397,-1.0,0.29,1590.0,2.443
1267,1357,225,166,340,225,260,530,0.397,-1.0,0.29,1590.0,2.443
1268,1358,225,167,340,225,260,530,0.397,-1.0,0.29,1590.0,2.443
1269,1359,225,168,340,225,260,530,0.397,-1.0,0.29,1590.0,2.443
1270,1360,226,169,341,226,261,531,0.398,-1.0,0.288,1620.0,2.461
1271,1361,226,170,341,226,261,531,0.398,-1.0,0.288,1620.0,2.461
1272,1362,226,171,341,226,261,531,0.398,-1.0,0.288,1620.0,2.461
1273,1363,226,172,341,226,261,531,0.398,-1.0,0.288,1620.0,2.461
1274,1364,129,157,244,129,164,434,0.925,180.56,0.899,64090.0,2.235
1275,1365,129,165,244,129,164,434,0.925,180.56,0.899,64090.0,2.235
1276,1366,129,161,244,129,164,434,0.925,180.56,0.899,64090.0,2.235
1277,1367,129,161,244,129,164,434,0.925,180.56,0.899,64090.0,2.235
1278,1368,129,162,244,129,164,434,0.925,180.56,0.899,64090.0,2.235
1279,1369,129,163,244,129,164,434,0.925,180.56,0.899,64090.0,2.235
1280,1370,129,164,244,129,164,434,0.925,180.56,0.899,64090.0,2.235
1281,1371,129,165,244,129,164,434,0.925,180.56,0.899,64090.0,2.235
1282,1372,129,166,244,129,164,434,0.925,180.56,0.899,64090.0,2.235
1283,1373,129,167,244,129,164,434,0.925,180.56,0.899,64090.0,2.235
1284,1374,129,168,244,129,164,434,0.925,180.56,0.899,64090.0,2.235
1285,1375,129,166,244,129,164,434,0.925,180.56,0.899,64090.0,2.235
1286,1376,129,163,244,129,164,434,0.925,180.56,0.899,64090.0,2.235
1287,1377,129,157,244,129,164,434,0.925,180.56,0.899,64090.0,2.235
1288,1378,129,158,244,129,164,434,0.925,180.56,0.899,64090.0,2.235
1289,1379,129,159,244,129,164,434,0.925,180.56,0.899,64090.0,2.235
1290,1380,129,160,244,129,164,434,0.925,180.56,0.899,64090.0,2.235
1291,1381,129,161,244,129,164,434,0.925,180.56,0.899,64090.0,2.235
1292,1382,129,162,244,129,164,434,0.925,180.56,0.899,64090.0,2.235
1293,1383,129,163,244,129,164,434,0.925,180.56,0.899,64090.0,2.235
1294,1384,129,164,244,129,164,434,0.925,180.56,0.899,64090.0,2.235
1295,1385,129,165,244,129,164,434,0.925,180.56,0.899,64090.0,2.235
1296,1386,129,166,244,129,164,434,0.925,180.56,0.899,64090.0,2.235
1297,1387,129,167,244,129,164,434,0.925,180.56,0.899,64090.0,2.235
1298,1388,129,168,244,129,164,434,0.925,180.56,0.899,64090.0,2.235
1299,1389,129,167,244,129,164,434,0.925,180.56,0.899,64090.0,2.235
1300,1390,177,165,292,177,212,482,0.733,-1.0,0.7,-1.0,2.643
1301,1391,177,162,292,177,212,482,0.733,-1.0,0.7,-1.0,2.643
1302,1392,177,164,292,177,212,482,0.733,-1.0,0.7,-1.0,2.643
1303,1393,130,170,245,130,165,435,0.926,179.2,0.9,66120.0,2.308
1304,1394,130,171,245,130,165,435,0.926,179.2,0.9,66120.0,2.308
1305,1395,194,177,309,194,229,499,0.944,191.13,0.924,50090.0,1.453
1306,1396,194,178,309,194,229,499,0.944,191.13,0.924,50090.0,1.453
1307,1397,194,179,309,194,229,499,0.944,191.13,0.924,50090.0,1.453
1308,1398,194,180,309,194,229,499,0.944,191.13,0.924,50090.0,1.453
1309,1399,195,181,310,195,230,500,-1.0,186.21,-1.0,52240.0,1.47
1310,1400,195,182,310,195,230,500,-1.0,186.21,-1.0,52240.0,1.47
1311,1401,130,170,245,130,165,435,0.926,179.2,0.9,66120.0,2.308
1312,1402,130,169,245,130,165,435,0.926,179.2,0.9,66120.0,2.308
1313,1403,130,170,245,130,165,435,0.926,179.2,0.9,66120.0,2.308
1314,1404,130,171,245,130,165,435,0.926,179.2,0.9,66120.0,2.308
1315,1405,130,172,245,130,165,435,0.926,179.2,0.9,66120.0,2.308
1316,1406,130,171,245,130,165,435,0.926,179.2,0.9,66120.0,2.308
1317,1407,130,169,245,130,165,435,0.926,179.2,0.9,66120.0,2.308
1318,1408,130,172,245,130,165,435,0.926,179.2,0.9,66120.0,2.308
1319,1409,146,178,261,146,181,451,0.929,170.32,0.894,48680.0,1.338
1320,1410,146,179,261,146,181,451,0.929,170.32,0.894,48680.0,1.338
1321,1411,130,169,245,130,165,435,0.926,179.2,0.9,66120.0,2.308
1322,1412,130,171,245,130,165,435,0.926,179.2,0.9,66120.0,2.308
1323,1413,178,172,293,178,213,483,0.711,-1.0,0.7,-1.0,2.728
1324,1414,210,174,325,210,245,515,0.947,187.05,0.943,57460.0,1.553
1325,1415,210,175,325,210,245,515,0.947,187.05,0.943,57460.0,1.553
1326,1416,243,190,358,243,278,548,-1.0,192.01,-1.0,69170.0,1.323
1327,1417,195,181,310,195,230,500,-1.0,186.21,-1.0,52240.0,1.47
1328,1418,147,186,262,147,182,452,-1.0,163.47,-1.0,46090.0,1.331
1329,1419,195,182,310,195,230,500,-1.0,186.21,-1.0,52240.0,1.47
1330,1420,195,190,310,195,230,500,-1.0,186.21,-1.0,52240.0,1.47
1331,1421,147,184,262,147,182,452,-1.0,163.47,-1.0,46090.0,1.331
1332,1422,211,182,326,211,246,516,-1.0,179.78,-1.0,56320.0,1.48
1333,1423,162,174,277,162,197,467,0.779,123.48,0.703,19290.0,2.514
1334,1424,114,178,229,114,149,419,0.601,-1.0,0.534,4570.0,2.323
1335,1425,114,179,229,114,149,419,0.601,-1.0,0.534,4570.0,2.323
1336,1426,114,180,229,114,149,419,0.601,-1.0,0.534,4570.0,2.323
1337,1427,114,179,229,114,149,419,0.601,-1.0,0.534,4570.0,2.323
1338,1428,162,177,277,162,197,467,0.779,123.48,0.703,19290.0,2.514
1339,1429,162,177,277,162,197,467,0.779,123.48,0.703,19290.0,2.514
1340,1430,115,182,230,115,150,420,-1.0,70.56,-1.0,4500.0,2.254
1341,1431,162,177,277,162,197,467,0.779,123.48,0.703,19290.0,2.514
1342,1432,162,173,277,162,197,467,0.779,123.48,0.703,19290.0,2.514
1343,1433,162,180,277,162,197,467,0.779,123.48,0.703,19290.0,2.514
1344,1434,162,174,277,162,197,467,0.779,123.48,0.703,19290.0,2.514
1345,1435,162,179,277,162,197,467,0.779,123.48,0.703,19290.0,2.514
1346,1436,162,180,277,162,197,467,0.779,123.48,0.703,19290.0,2.514
1347,1437,115,184,230,115,150,420,-1.0,70.56,-1.0,4500.0,2.254
1348,1438,115,185,230,115,150,420,-1.0,70.56,-1.0,4500.0,2.254
1349,1439,115,186,230,115,150,420,-1.0,70.56,-1.0,4500.0,2.254
1350,1440,163,186,278,163,198,468,-1.0,118.55,-1.0,17810.0,2.571
1351,1441,163,188,278,163,198,468,-1.0,118.55,-1.0,17810.0,2.571
1352,1442,163,191,278,163,198,468,-1.0,118.55,-1.0,17810.0,2.571
1353,1443,163,187,278,163,198,468,-1.0,118.55,-1.0,17810.0,2.571
1354,1444,115,182,230,115,150,420,-1.0,70.56,-1.0,4500.0,2.254
1355,1445,163,186,278,163,198,468,-1.0,118.55,-1.0,17810.0,2.571
1356,1446,163,190,278,163,198,468,-1.0,118.55,-1.0,17810.0,2.571
1357,1447,163,191,278,163,198,468,-1.0,118.55,-1.0,17810.0,2.571
1358,1448,163,190,278,163,198,468,-1.0,118.55,-1.0,17810.0,2.571
1359,1449,226,177,341,226,261,531,0.398,-1.0,0.288,1620.0,2.461
1360,1450,130,173,245,130,165,435,0.926,179.2,0.9,66120.0,2.308
1361,1451,130,180,245,130,165,435,0.926,179.2,0.9,66120.0,2.308
1362,1452,130,179,245,130,165,435,0.926,179.2,0.9,66120.0,2.308
1363,1453,130,180,245,130,165,435,0.926,179.2,0.9,66120.0,2.308
1364,1454,130,176,245,130,165,435,0.926,179.2,0.9,66120.0,2.308
1365,1455,130,177,245,130,165,435,0.926,179.2,0.9,66120.0,2.308
1366,1456,130,177,245,130,165,435,0.926,179.2,0.9,66120.0,2.308
1367,1457,226,177,341,226,261,531,0.398,-1.0,0.288,1620.0,2.461
1368,1458,130,178,245,130,165,435,0.926,179.2,0.9,66120.0,2.308
1369,1459,130,175,245,130,165,435,0.926,179.2,0.9,66120.0,2.308
1370,1460,130,175,245,130,165,435,0.926,179.2,0.9,66120.0,2.308
1371,1461,130,178,245,130,165,435,0.926,179.2,0.9,66120.0,2.308
1372,1462,130,178,245,130,165,435,0.926,179.2,0.9,66120.0,2.308
1373,1463,130,174,245,130,165,435,0.926,179.2,0.9,66120.0,2.308
1374,1464,130,174,245,130,165,435,0.926,179.2,0.9,66120.0,2.308
1375,1465,130,177,245,130,165,435,0.926,179.2,0.9,66120.0,2.308
1376,1466,130,174,245,130,165,435,0.926,179.2,0.9,66120.0,2.308
1377,1467,178,174,293,178,213,483,0.711,-1.0,0.7,-1.0,2.728
1378,1468,178,174,293,178,213,483,0.711,-1.0,0.7,-1.0,2.728
1379,1469,178,178,293,178,213,483,0.711,-1.0,0.7,-1.0,2.728
1380,1470,131,185,246,131,166,436,-1.0,172.11,-1.0,64610.0,2.27
1381,1471,131,191,246,131,166,436,-1.0,172.11,-1.0,64610.0,2.27
1382,1472,131,191,246,131,166,436,-1.0,172.11,-1.0,64610.0,2.27
1383,1473,131,185,246,131,166,436,-1.0,172.11,-1.0,64610.0,2.27
1384,1474,131,184,246,131,166,436,-1.0,172.11,-1.0,64610.0,2.27
1385,1475,131,185,246,131,166,436,-1.0,172.11,-1.0,64610.0,2.27
1386,1476,131,181,246,131,166,436,-1.0,172.11,-1.0,64610.0,2.27
1387,1477,131,182,246,131,166,436,-1.0,172.11,-1.0,64610.0,2.27
1388,1478,131,183,246,131,166,436,-1.0,172.11,-1.0,64610.0,2.27
1389,1479,131,184,246,131,166,436,-1.0,172.11,-1.0,64610.0,2.27
1390,1480,131,185,246,131,166,436,-1.0,172.11,-1.0,64610.0,2.27
1391,1481,131,186,246,131,166,436,-1.0,172.11,-1.0,64610.0,2.27
1392,1482,131,187,246,131,166,436,-1.0,172.11,-1.0,64610.0,2.27
1393,1483,131,188,246,131,166,436,-1.0,172.11,-1.0,64610.0,2.27
1394,1484,131,189,246,131,166,436,-1.0,172.11,-1.0,64610.0,2.27
1395,1485,131,190,246,131,166,436,-1.0,172.11,-1.0,64610.0,2.27
1396,1486,131,191,246,131,166,436,-1.0,172.11,-1.0,64610.0,2.27
1397,1487,131,192,246,131,166,436,-1.0,172.11,-1.0,64610.0,2.27
1398,1488,131,184,246,131,166,436,-1.0,172.11,-1.0,64610.0,2.27
1399,1489,131,184,246,131,166,436,-1.0,172.11,-1.0,64610.0,2.27
1400,1490,131,181,246,131,166,436,-1.0,172.11,-1.0,64610.0,2.27
1401,1491,131,187,246,131,166,436,-1.0,172.11,-1.0,64610.0,2.27
1402,1492,131,190,246,131,166,436,-1.0,172.11,-1.0,64610.0,2.27
1403,1493,131,189,246,131,166,436,-1.0,172.11,-1.0,64610.0,2.27
1404,1494,131,190,246,131,166,436,-1.0,172.11,-1.0,64610.0,2.27
1405,1495,131,188,246,131,166,436,-1.0,172.11,-1.0,64610.0,2.27
1406,1496,227,184,342,227,262,532,-1.0,-1.0,-1.0,1470.0,2.489
1407,1497,227,188,342,227,262,532,-1.0,-1.0,-1.0,1470.0,2.489
1408,1498,227,189,342,227,262,532,-1.0,-1.0,-1.0,1470.0,2.489
1409,1499,227,190,342,227,262,532,-1.0,-1.0,-1.0,1470.0,2.489
1410,1500,131,188,246,131,166,436,-1.0,172.11,-1.0,64610.0,2.27
1411,1501,131,185,246,131,166,436,-1.0,172.11,-1.0,64610.0,2.27
1412,1502,131,183,246,131,166,436,-1.0,172.11,-1.0,64610.0,2.27
1413,1503,131,183,246,131,166,436,-1.0,172.11,-1.0,64610.0,2.27
1414,1504,131,182,246,131,166,436,-1.0,172.11,-1.0,64610.0,2.27
1415,1505,131,186,246,131,166,436,-1.0,172.11,-1.0,64610.0,2.27
1416,1506,131,187,246,131,166,436,-1.0,172.11,-1.0,64610.0,2.27
1417,1507,131,188,246,131,166,436,-1.0,172.11,-1.0,64610.0,2.27
1418,1508,131,188,246,131,166,436,-1.0,172.11,-1.0,64610.0,2.27
1419,1509,131,189,246,131,166,436,-1.0,172.11,-1.0,64610.0,2.27
1420,1510,131,190,246,131,166,436,-1.0,172.11,-1.0,64610.0,2.27
1421,1511,179,192,294,179,214,484,-1.0,-1.0,-1.0,-1.0,2.934
1422,1512,179,191,294,179,214,484,-1.0,-1.0,-1.0,-1.0,2.934
