population_key,population_id,country,iso,year,Population ages 65 and above (% of total population),Population ages 15-64 (% of total population),"Population, female (% of total population)","Survival to age 65, male (% of cohort)","Population ages 65 and above, male (% of male population)","Life expectancy at birth, male (years)","Life expectancy at birth, female (years)","Population, male (% of total population)","Suicide mortality rate, female (per 100,000 female population)",Rural population (% of total population),"Survival to age 65, female (% of cohort)",Urban population (% of total population),"Population ages 15-64, male (% of male population)","Population ages 0-14, male (% of male population)",Rural population growth (annual %),"Population ages 15-64, female (% of female population)",Population growth (annual %),Population ages 0-14 (% of total population),Urban population growth (annual %),"Population ages 65 and above, female (% of female population)","Population ages 0-14, female (% of female population)","Suicide mortality rate, male (per 100,000 male population)",Sex ratio at birth (male births per female births),"Life expectancy at birth, total (years)","Suicide mortality rate (per 100,000 population)"
100,0,Kenya,KEN,2005,2.08088241618167,53.8921463119553,50.3834072215957,41.9801546,1.74491275766389,52.819,56.667,49.6165927784043,3,78.325,50.2541946,21.675,53.6516511697705,44.6034360725656,2.2743216402576,54.1290024733821,2.73924614871763,44.026971271863,4.43755369089764,2.4117331118827,43.4592644147353,9.2,-1.0,54.732,6
101,1,Kenya,KEN,2006,2.0538801089526,54.0815829187432,50.3788689002128,44.9244618,1.7207637411633,54.217,57.969,49.6211310997872,3,77.955,52.8899318,22.045,53.8278885116428,44.451347747194,2.28440477799814,54.3315024494969,2.75791743051646,43.8645369723042,4.45055664191255,2.38204348990571,43.2864540605974,9.1,-1.0,56.093,6
102,2,Kenya,KEN,2007,2.01844513135609,54.1913627089512,50.3719145493298,47.868769,1.68842606913608,55.592,59.315,49.6280854506702,3.4,77.58,55.525669,22.42,53.9232831003195,44.3882908305444,2.28634425691888,54.4555191281495,2.76854922629633,43.7901921596927,4.45530022149245,2.3436624861773,43.2008183856732,9.3,1.03,57.463,6.3
103,3,Kenya,KEN,2008,1.98146204382235,54.2713794520559,50.3637114449986,49.3011628,1.65407135462318,56.864,60.624,49.6362885550014,3.4,77.2,57.3086542,22.8,53.989977552829,44.3559510925478,2.27623564187238,54.5487836764348,2.767256335538,43.7471585041217,4.4479689290422,2.30419366170477,43.1470226618605,9.1,1.03,58.76,6.2
104,4,Kenya,KEN,2009,1.95135949055728,54.4033229644315,50.3556225083308,50.7335566,1.62506181224414,57.982,61.844,49.6443774916692,3.3,76.817,59.0916394,23.183,54.1130769715293,44.2618612162266,2.25350339285706,54.6894826778816,2.7508537992605,43.6453175450112,4.41673101755764,2.27311580131533,43.0374015208031,8.7,1.03,59.932,6.0
105,5,Kenya,KEN,2010,1.93234579429558,54.6263043687425,50.3485548795732,52.1659504,1.60505791361111,58.933,62.944,49.6514451204268,3.4,76.429,60.8746246,23.571,54.3337430989223,44.0611989874666,2.21621261214979,54.9148273576563,2.7225900011839,43.4413498369619,4.38238214095663,2.25510142264553,42.8300712196982,8.6,1.03,60.959,6.0
106,6,Kenya,KEN,2011,1.95128689025411,54.8499761708863,50.3428182740994,53.5983442,1.625601321424,59.74,63.923,49.6571817259006,3.1,76.031,62.6576098,23.969,54.5538589603002,43.8205397182758,2.17163836617283,55.142102753267,2.69374364646689,43.1987369388596,4.36816192872176,2.27259239685335,42.5853048498796,8.7,1.03,61.851,5.9
107,7,Kenya,KEN,2012,1.97833651572621,55.1783625759348,50.3382087675639,55.030738,1.65231563452169,60.466,64.815,49.6617912324361,3.0,75.624,64.440595,24.376,54.8873044258359,43.4603799396424,2.1260633537786,55.4655718997847,2.66280780440883,42.843300908339,4.34657458438635,2.30002560735944,42.2344024928558,8.8,1.03,62.659,5.9
108,8,Kenya,KEN,2013,2.01287210554855,55.5814203876755,50.3343498392113,56.1624778,1.68459138234477,61.158,65.647,49.6656501607887,3.2,75.206,65.6565528,24.794,55.3020225721241,43.0133860455311,2.06433761646761,55.8571335109011,2.61860447776138,42.405707506776,4.31886626920069,2.33680422241629,41.8060622666826,8.7,1.03,63.419,5.9
109,9,Kenya,KEN,2014,2.05384768818795,56.0138783562461,50.3307308172154,57.2942176,1.72153487862774,61.822,66.415,49.6692691827846,3.1,74.779,66.8725106,25.221,55.748991833789,42.5294732875832,1.99001005648126,56.275281613299,2.55940314494339,41.932273955566,4.26693623957953,2.38180095260976,41.3429174340912,8.3,1.03,64.135,5.7
110,10,Kenya,KEN,2015,2.10104001943593,56.4557151693827,50.3269965150629,58.4259574,1.76298992259428,62.452,67.111,49.6730034849371,2.9,74.342,68.0884684,25.658,56.2057678364893,42.0312422409165,1.9056655877913,56.7024115891073,2.49176754837837,41.4432448111814,4.20960811259828,2.43470108604305,40.8628873248497,8.0,1.03,64.798,5.5
111,11,Kenya,KEN,2016,2.17634987725358,56.9216999411272,50.3231591283053,59.5576972,1.83141298950793,63.031,67.721,49.6768408716947,2.8,73.895,69.3044262,26.105,56.6854874191594,41.4830995913327,1.81773065448373,57.1548491590599,2.42082093780373,40.9019501816192,4.14796672876075,2.51676370548381,40.3283871354563,8.1,1.03,65.393,5.4
112,12,Kenya,KEN,2017,2.25610560588208,57.3938820427461,50.319449102177,60.689437,1.90246211825167,63.539,68.244,49.680550897823,2.8,73.438,70.520384,26.562,57.1689131067871,40.9286247749612,1.73611106189142,57.6159221849674,2.3564774490698,40.3500123513719,4.09195586448875,2.60520713779318,39.7788706772394,8.4,1.03,65.909,5.6
113,13,Kenya,KEN,2018,2.33918661191556,57.8786464540153,50.3160203897178,61.1056284,1.97525843512818,63.965,68.684,49.6839796102822,3.1,72.97,70.9704974,27.03,57.6648807775898,40.359860787282,1.66643180075648,58.0897080038375,2.30574364203494,39.7821669340692,4.05231824605309,2.69850807635466,39.2117839198079,9.0,1.03,66.342,6.0
114,14,Kenya,KEN,2019,2.42382670984367,58.3827990325175,50.3130855619094,61.5218198,2.04869142484786,64.313,69.049,49.6869144380906,3.2,72.493,71.4206108,27.507,58.1837062179092,39.7676023572429,1.61690829557954,58.5794121599897,2.27274637907931,39.1933742576388,4.02205904536996,2.79427489883876,38.6263129411716,9.1,1.03,66.699,6.1
115,15,Kenya,KEN,2020,2.50918631382811,58.9012100433659,50.3108033467668,-1,2.1223887080302,-1,-1,49.6891966532332,-1,72.005,-1,27.995,58.7215605111764,39.1560507807934,1.5764358420675,59.0786127544115,2.25187943057208,38.589603642806,4.01041775742508,2.8912267145405,38.030160531048,-1,-1.0,-1,-1
116,16,United States,USA,2005,12.3117114938844,66.8071542766919,50.6538020129792,79.4108596,10.6156390149843,75,80.1,49.3461979870208,5.2,20.072,87.2369832,79.928,67.7302643015539,21.6540966834618,0.0733898148736528,65.907872119329,0.921713167161207,20.8811342294238,1.13588459113456,13.9640008258835,20.1281270547875,18.7,-1.0,77.4878048780488,11.9
117,17,United States,USA,2006,12.3809160556302,66.8015565301074,50.6438964558909,79.6358658,10.7224183432874,75.2,80.3,49.3561035441091,5.4,19.901,87.3983026,80.099,67.6963623081683,21.5812193485443,0.108670280303657,65.9292400655749,0.964253917136075,20.8175274142624,1.17796815968651,13.9976400552086,20.0731198792165,19.1,-1.0,77.6878048780488,12.1
118,18,United States,USA,2007,12.4718681790523,66.838223954126,50.6367847142009,79.860872,10.8395038306629,75.5,80.6,49.3632152857991,5.5,19.731,87.559622,80.269,67.7169471222532,21.4435490470839,0.0931570901609545,65.9812275964645,0.951055242772428,20.6899078668217,1.16306776101756,14.0637743097106,19.9549980938249,19.5,1.048,77.9878048780488,12.4
119,19,United States,USA,2008,12.5951145979011,66.880046517597,50.6307101023585,80.0166002,10.9794496647623,75.6,80.6,49.3692898976415,5.6,19.562,87.6482302,80.438,67.7533099857228,21.267240349515,0.0856572616332229,66.0281897238116,0.945865287282592,20.5248388845019,1.15618567133535,14.1711219540691,19.8006883221194,20.0,1.048,78.0390243902439,12.7
120,20,United States,USA,2009,12.7626484656842,66.8780843406327,50.6233481370269,80.1723284,11.1579990851894,76.0,80.9,49.3766518629731,5.7,19.394,87.7368384,80.606,67.7515996953805,21.0904012194301,0.0141332145804876,66.0258599811064,0.876651298802912,20.3592671936831,1.08529029428822,14.3281757892889,19.6459642296047,20.0,1.048,78.390243902439,12.8
121,21,United States,USA,2010,12.9817726024576,66.8134265887699,50.6131890528633,80.3280566,11.384788938091,76.2,81.0,49.3868109471367,5.8,19.228,87.8254466,80.772,67.6894810469317,20.9257300149773,-0.0300018427486857,65.9586005699634,0.829616674709795,20.2048008087726,1.03534480069191,14.5400605633385,19.501338866698,20.5,1.048,78.5414634146342,13.1
122,22,United States,USA,2011,13.2502621355322,66.7246048062274,50.5996033795709,80.4837848,11.6709144514969,76.3,81.1,49.4003966204291,6.0,19.056,87.9140548,80.944,67.6039540796811,20.7251314688219,-0.17176717755585,65.8658095614106,0.726786704810745,20.0251330582403,0.93950541093758,14.7926313013218,19.3415591372676,20.9,1.048,78.6414634146341,13.4
123,23,United States,USA,2012,13.5614320272468,66.6153980358509,50.5834049276266,80.639513,11.9956998461142,76.4,81.2,49.4165950723734,6.1,18.881,88.002663,81.119,67.498364180454,20.5059359734318,-0.188989154899031,65.7524877074301,0.733599941250847,19.8231699369023,0.94956550837067,15.0915346277833,19.1559776647866,21.1,1.048,78.7414634146342,13.5
124,24,United States,USA,2013,13.9050443081105,66.4779068738499,50.5662962856078,80.4498074,12.348940359733,76.4,81.2,49.4337037143922,6.2,18.701,87.8964036,81.299,67.3654210811618,20.2856385591052,-0.265051290084759,65.6100803118735,0.692860276624581,19.6170488180396,0.914510413562637,15.4265918014393,18.9633278866872,21.0,1.048,78.7414634146342,13.5
125,25,United States,USA,2014,14.2676996042196,66.3160579782416,50.5506734728571,80.2601018,12.7166197129757,76.5,81.3,49.4493265271429,6.5,18.517,87.7901442,81.483,67.2109241050275,20.0724561819967,-0.255415159548918,65.4406396868921,0.733361519937424,19.4162424175389,0.95943078191871,15.7850664815396,18.7742938315682,21.6,1.048,78.8414634146341,14.0
126,26,United States,USA,2015,14.6428847122761,66.1333886980394,50.5382211684035,80.0703962,13.091382604609,76.3,81.2,49.4617788315964,6.8,18.329,87.6838848,81.671,67.0399868199102,19.8686305754807,-0.284256234098651,65.2460999099375,0.73621730882542,19.2237265896844,0.966674782180289,16.1613409295653,18.5925591604973,22.2,1.047,78.690243902439,14.4
127,27,United States,USA,2016,15.0336787501808,65.9429787679709,50.5293128025686,79.8806906,13.4889033909268,76.1,81.1,49.4706871974314,7.0,18.138,87.5776254,81.862,66.8537256836091,19.6573709254641,-0.322855438046257,65.051278947516,0.724676067451429,19.0233424818483,0.958268060593122,16.5460883880156,18.4026326644684,23.5,1.047,78.5390243902439,15.1
128,28,United States,USA,2017,15.4193658960742,65.7221060220984,50.5233822743544,79.690985,13.8778650408684,76.1,81.1,49.4766177256456,7.1,17.942,87.471366,82.058,66.6387612512319,19.4833737078997,-0.453841679756109,64.8244160670525,0.63264399508256,18.8585280818274,0.871785260117191,16.9289163187058,18.2466676142417,24.9,1.047,78.5390243902439,15.9
129,29,United States,USA,2018,15.8076540556035,65.4833059619314,50.5200146539124,79.8041226,14.2651769230979,76.2,81.2,49.4799853460876,7.2,17.744,87.5426358,82.256,66.4088716329403,19.3259514439618,-0.58325455730801,64.576790382131,0.526435395564053,18.7090399824651,0.767437430461766,17.3183560235252,18.1048535943438,24.3,1.047,78.6390243902439,15.7
130,30,United States,USA,2019,16.2096061428511,65.2410767325889,50.5184872077992,79.9172602,14.6612409338125,76.3,81.4,49.4815127922008,7.5,17.541,87.6139056,82.459,66.17957827562,19.1591807905675,-0.695262032744607,64.321850895079,0.455381285963537,18.54931712456,0.701867775195684,17.7261657697371,17.9519833351839,25.0,1.047,78.7878048780488,16.1
131,31,United States,USA,2020,16.6309257142475,64.9973268643096,50.5182156443601,-1,15.0714863227395,-1,-1,49.4817843556399,-1,17.336,-1,82.664,65.9531641577996,18.9753495194608,-0.824661438105005,64.0610980853932,0.350911063312921,18.3717474214429,0.599210762260319,18.1583726561265,17.7805292584803,-1,-1.0,-1,-1
132,32,Canada,CAN,2005,13.1175521289763,69.2065015293815,50.4250440542598,85.2858462,11.5176661120255,77.9,82.6,49.5749559457402,6.2,19.878,90.6811926,80.122,70.2104877104708,18.2718461775037,0.557844254173616,68.2194239314714,0.944466927450734,17.6759463416422,1.04061858829188,14.6904879742231,17.0900880943055,18.2,-1.0,80.1926829268293,12.2
133,33,Canada,CAN,2006,13.2686809629914,69.3303408825163,50.4150905888848,85.5547236,11.7030845066573,78.1,82.7,49.5849094111152,5.7,19.787,90.8129298,80.213,70.3066965449834,17.9902189483594,0.551491248878675,68.3700149144499,1.01033450270045,17.4009781544923,1.12384675481251,14.8085277855928,16.8214572999572,16.9,-1.0,80.3439024390244,11.2
134,34,Canada,CAN,2007,13.4366453478164,69.4276791504025,50.4044557685291,85.823601,11.9030514369552,78.3,82.9,49.5955442314709,6.1,19.604,90.944667,80.396,70.3777389057094,17.7192096573354,0.0419781487099549,68.4928862623737,0.971135141368055,17.1356755017811,1.19901884209158,14.9455664542068,16.5615472834195,17.0,1.053,80.5439024390244,11.5
135,35,Canada,CAN,2008,13.631937571582,69.4763348261205,50.3948210128144,86.1461852,12.1268872986017,78.5,83.0,49.6051789871856,6.1,19.422,91.1181934,80.578,70.4021631237946,17.4709495776037,0.150191983656897,68.5651265267231,1.08290711607014,16.8917276022974,1.30902990520455,15.1131848130433,16.3216886602335,17.1,1.053,80.6951219512195,11.5
136,36,Canada,CAN,2009,13.8679313187456,69.4556581705621,50.3884108895213,86.4687694,12.3859296631287,78.8,83.3,49.6115891104787,5.9,19.242,91.2917198,80.758,70.360996281621,17.2530740552502,0.210657043137183,68.5644302674881,1.14175809912162,16.6764105106923,1.36489394771959,15.3268443177301,16.1087254147818,18.1,1.053,80.9951219512195,12.0
137,37,Canada,CAN,2010,14.1536509017159,69.357773222125,50.3864843544046,86.7913536,12.6873530853378,79.1,83.5,49.6135156455953,6.4,19.063,91.4652462,80.937,70.2487302417782,17.063916672884,0.177253215195272,68.4804935650031,1.11186407517168,16.4885758761591,1.33326871439499,15.5974412751824,15.9220651598145,17.8,1.054,81.2463414634146,12.1
138,38,Canada,CAN,2011,14.4512175296451,69.1335188560903,50.3897373751692,87.1139378,13.0120596679328,79.4,83.6,49.6102626248308,6.1,18.904,91.6387726,81.096,70.0009851201339,16.9869552119333,0.141129967876975,68.2793970877128,0.978697786570341,16.4152636142646,1.17495264216968,15.8681731238282,15.852429788459,16.5,1.054,81.4487804878049,11.3
139,39,Canada,CAN,2012,14.8038988569679,68.8993795606957,50.3970917384501,87.436522,13.3914678863015,79.6,83.8,49.6029082615499,6.2,18.863,91.812299,81.137,69.7436888300849,16.8648432836135,0.868694356405575,68.0681668902312,1.08581726304756,16.2967215823364,1.13636233305053,16.1943382178139,15.7374948919549,17.5,1.054,81.6487804878049,11.8
140,40,Canada,CAN,2013,15.2018464818976,68.6308948007577,50.4058089554683,87.554987,13.8172734455597,79.7,83.9,49.5941910445317,6.4,18.822,91.8826254,81.178,69.4530960842057,16.7296304702345,0.838999350897815,67.8216299195391,1.05659125917789,16.1672587173447,1.1071099946107,16.5645973493865,15.6137727310743,17.9,1.054,81.7487804878049,12.1
141,41,Canada,CAN,2014,15.6233662776347,68.3150902258466,50.4123054239784,87.673452,14.2663921534501,79.8,83.9,49.5876945760216,6.8,18.782,91.9529518,81.218,69.1188972788032,16.6147105677467,0.792587517646634,67.5242050334233,1.00533757867378,16.0615434965187,1.05460141956621,16.9585212702557,15.517273696321,18.7,1.054,81.8,12.7
142,42,Canada,CAN,2015,16.0536348121597,67.9548843196081,50.4141265575823,87.791917,14.7207214812156,79.9,84.0,49.5858734424177,6.9,18.741,92.0232782,81.259,68.7461550061917,16.5331235125927,0.527807559356073,67.176621318726,0.746339477969813,15.9914808682322,0.796807975480466,17.3646402786396,15.4587384026344,19.2,1.053,81.9,13.0
143,43,Canada,CAN,2016,16.4550097979977,67.6469556724162,50.4105660284427,87.910382,15.136828622175,79.9,84.0,49.5894339715573,6.2,18.7,92.0936046,81.3,68.4403058513992,16.4228655264258,0.913336125759693,66.866115834236,1.13234865466606,15.8980345295862,1.18279215486163,17.7523480785811,15.3815360871829,17.6,1.053,81.9,11.9
144,44,Canada,CAN,2017,16.8424915594931,67.28747162393,50.4025621628782,88.028847,15.5317414871829,79.9,84.0,49.5974378371218,6.4,18.65,92.163931,81.35,68.0864703469766,16.3817881658405,0.931952478221833,66.5006780035449,1.19968215419992,15.8700368165769,1.26116200732881,18.1331231130747,15.3661988833804,19.8,1.053,81.9,13.0
145,45,Canada,CAN,2018,17.2320066788651,66.8977424466943,50.3915299543153,88.2719362,15.9239328623382,80.0,84.2,49.6084700456847,6.2,18.589,92.2575774,81.411,67.7038662370697,16.3722009005922,1.08492803121353,66.1036833685027,1.412548033188,15.8702508744405,1.48750598693977,18.5204478409321,15.3758687905652,17.9,1.054,82.0487804878049,12.0
146,46,Canada,CAN,2019,17.6478968899213,66.506203368219,50.3795163341899,88.5150254,16.3406620009612,80.0,84.2,49.6204836658101,6.1,18.518,92.3512238,81.482,67.3184120397739,16.3409259592649,1.0323383832027,65.7060193659637,1.41501469953534,15.8458997418597,1.50218820550071,18.9357739753283,15.3582066587081,17.6,1.054,82.0487804878049,11.8
147,47,Canada,CAN,2020,18.1043615051754,66.1203862397467,50.3680248057894,-1,16.7970643883482,-1,-1,49.6319751942105,-1,18.438,-1,81.562,66.9372349547394,16.2657006569124,0.656644458992974,65.3154798329867,1.08959148655862,15.775252255078,1.18772430444538,19.392541149046,15.2919790179674,-1,-1.0,-1,-1
148,48,Mexico,MEX,2005,5.62497295533692,62.5378190162987,51.0997125716447,73.7808104,5.14958982748314,72.575,77.999,48.9002874283553,1.4,23.692,83.9713496,76.308,61.8033230300446,33.0470871424722,0.11167801180592,63.2406981847999,1.4158169793862,31.8372080283644,1.82420878524429,6.07989144657751,30.6794103686226,6.9,-1.0,75.3,4.1
149,49,Mexico,MEX,2006,5.71235520648618,62.8647218454589,51.1080129997953,73.7391522,5.239943404138,72.532,78.035,48.8919870002047,1.3,23.384,84.0471828,76.616,62.1149055273648,32.6451510684972,0.147672580663442,63.5825534585351,1.4562132376675,31.4229229480549,1.8590281344028,6.16461608410616,30.2528304573587,6.8,-1.0,75.296,4
150,50,Mexico,MEX,2007,5.81166055277459,63.2387235885386,51.1026554489723,73.697494,5.34117105826802,72.447,78.039,48.8973445510277,1.5,23.08,84.123016,76.92,62.4915717487547,32.1672571929773,0.17750313761612,63.9541654661617,1.48606353186843,30.9496158586868,1.88206292256786,6.26218855299607,29.7836459808422,6.7,1.05,75.255,4.1
151,51,Mexico,MEX,2008,5.91934030464087,63.6337486374058,51.0895438672027,73.5510572,5.44881753785107,72.342,78.026,48.9104561327973,1.7,22.778,84.1074316,77.222,62.899639494316,31.6515429678329,0.17824244769517,64.3368136761312,1.49536909755127,30.4469110579534,1.88721556631294,6.36996894304562,29.2932173808232,7.1,1.05,75.194,4.4
152,52,Mexico,MEX,2009,6.03016593228722,64.0112154402062,51.0767972218211,73.4046204,5.55662131150625,72.233,78.004,48.9232027781789,1.8,22.48,84.0918472,77.52,63.2919178854376,31.1514608030561,0.159842847415204,64.7002292761735,1.47675580253545,29.9586186275066,1.86191341992348,6.48376856544156,28.8160021583849,7.5,1.05,75.128,4.6
153,53,Mexico,MEX,2010,6.14318167896122,64.3491308048508,51.0699139449979,73.2581836,5.66300510889377,72.135,77.979,48.9300860550021,1.7,22.185,84.0762628,77.815,63.6431653158691,30.6938295752371,0.117173388078255,65.0255185693997,1.43814066910139,29.507687516188,1.81796631467998,6.60323735951718,28.3712440710831,7.5,1.05,75.065,4.5
154,54,Mexico,MEX,2011,6.24420542366424,64.6788271482325,51.0703185020177,73.1117468,5.7618091998251,72.056,77.952,48.9296814979823,2.0,21.889,84.0606784,78.111,63.9757666497366,30.2624241504383,0.0515758490797851,65.3523055292042,1.39478996981758,29.0769674281033,1.7744572453399,6.70630106831996,27.9413934024759,8.6,1.05,75.011,5.2
155,55,Mexico,MEX,2012,6.3433942457313,64.9567954678505,51.0759011559205,72.96531,5.85554340399019,71.997,77.922,48.9240988440795,1.9,21.595,84.045094,78.405,64.2564022819287,29.8880543140811,0.0030523237593838,65.627581853349,1.35529442643505,28.6998102864182,1.73097530755872,6.81062695846891,27.5617911881821,7.9,1.05,74.966,4.9
156,56,Mexico,MEX,2013,6.44976025304518,65.1952915041032,51.0841907032734,73.003421,5.95282609115286,71.958,77.89,48.9158092967266,2.0,21.301,84.0406382,78.699,64.4983904245703,29.5487834842769,-0.0552207900612247,65.8625978247927,1.31555760676608,28.3549482428516,1.68983234295214,6.92559632243423,27.2118058527731,8.5,1.05,74.93,5.2
157,57,Mexico,MEX,2014,6.57479338977563,65.4188112366928,51.0915483399765,73.041532,6.06470349858624,71.943,77.86,48.9084516600235,2.3,21.007,84.0361824,78.993,64.7290490796097,29.206247421804,-0.112142908580838,66.079134800575,1.27768636604222,28.0063953735316,1.65056526440047,7.06312565859923,26.8577395408258,9.2,1.05,74.908,5.7
158,58,Mexico,MEX,2015,6.7247161862432,65.6393151459625,51.0954978337905,73.079643,6.19711112350233,71.954,77.837,48.9045021662095,2.3,20.715,84.0317266,79.285,64.9624709101164,28.8404179663813,-0.158599751358101,66.2871305574578,1.24116450246976,27.6359686677943,1.61013604556509,7.2296964798966,26.4831729626456,9.0,1.05,74.904,5.6
159,59,Mexico,MEX,2016,6.8733203249054,65.821789391381,51.0956729726833,73.117754,6.3334133516473,71.99,77.826,48.9043270273168,2.1,20.423,84.0272708,79.577,65.1621405420135,28.5044461063392,-0.216377556093139,66.4532382959668,1.20325950587092,27.3048902837136,1.5708748882209,7.39015126149632,26.1566104425369,9.2,1.05,74.917,5.6
160,60,Mexico,MEX,2017,7.04077048486791,66.0200045642909,51.0932755523227,73.155865,6.48407411036187,72.046,77.827,48.9067244476773,2.2,20.133,84.022815,79.867,65.3833395414953,28.1325863481428,-0.266178940038251,66.6295263505429,1.16396694963579,26.9392249508412,1.52773148162835,7.57374618532579,25.7967274641313,9.8,1.05,74.947,5.9
161,61,Mexico,MEX,2018,7.22368498087198,66.2194668282759,51.0892808319391,73.315318,6.64569600089072,72.118,77.844,48.9107191680609,2.2,19.844,84.1076902,80.156,65.6119712215744,27.7423327775349,-0.319440697492789,66.8011365230658,1.12641479134149,26.5568481908521,1.48761300066204,7.77709923612024,25.421764240814,8.7,1.05,74.992,5.4
162,62,Mexico,MEX,2019,7.41666060424488,66.3982212450791,51.0851387494541,73.474771,6.81305902709489,72.203,77.879,48.9148612505459,2.2,19.556,84.1925654,80.444,65.8259832121628,27.3609577607423,-0.370590771968483,66.9461869409958,1.09136688717461,26.1851181506761,1.45002297233125,7.99464973804142,25.0591633209628,8.5,1.05,75.054,5.3
163,63,Mexico,MEX,2020,7.61810383432982,66.5466307075596,51.0818744403914,-1,6.9847077964835,-1,-1,48.9181255596086,-1,19.269,-1,80.731,66.0152798683069,27.0000123352096,-0.42021464078884,67.0554682769768,1.05824003448927,25.8352654581106,1.4143747761486,8.2246701995575,24.7198615234657,-1,-1.0,-1,-1
164,64,"Venezuela, RB",VEN,2005,4.96515892001978,63.345289219723,49.9465297288995,69.7657688,4.44899593026824,69.104,76.862,50.0534702711005,1.4,12.046,83.352225,87.954,63.2083293903807,32.342674679351,1.44704796808264,63.4825215918481,1.662670341037,31.6895518602572,1.69223776848998,5.48243539336843,31.0350430147835,7.3,-1.0,72.852,4.4
165,65,"Venezuela, RB",VEN,2006,5.07661881325699,63.6220654495085,49.9765848956749,69.8798564,4.5516984030385,69.186,76.95,50.0234151043251,1.2,12.02,83.468398,87.98,63.4803179598347,31.9679836371268,1.35200910871455,63.7639349188095,1.56806644293271,31.3013157372345,1.59762089896124,5.60196553971113,30.6340995414794,6.7,-1.0,72.938,3.9
166,66,"Venezuela, RB",VEN,2007,5.19080756073652,63.8838892658842,50.0090631832138,69.993944,4.65573445062013,69.26,77.016,49.9909368167862,1.2,11.994,83.584571,88.006,63.7374056911178,31.606859858262,1.25270479374734,64.0303032304512,1.46925832566183,30.9253031733792,1.49880791728315,5.725609429433,30.2440873401158,6.2,1.05,73.01,3.7
167,67,"Venezuela, RB",VEN,2008,5.30951990155389,64.1245792780908,50.0426167814699,70.0475236,4.76256354420962,69.326,77.066,49.9573832185301,1.1,11.969,83.5956166,88.031,63.974590718214,31.2628457375764,1.20610196283395,64.2742849424474,1.41475301196182,30.5659008203553,1.44315558054501,5.85550320683231,29.8702118507203,5.8,1.05,73.071,3.5
168,68,"Venezuela, RB",VEN,2009,5.43451004564267,64.3385865988627,50.0753058844473,70.1011032,4.87337216983141,69.379,77.099,49.9246941155527,1.1,11.943,83.6066622,88.057,64.1873146936817,30.9393131364869,1.20239279833811,64.4893989390889,1.41983866933407,30.2269033554946,1.44936688225031,5.99395267263173,29.5166483882794,5.3,1.05,73.116,3.2
169,69,"Venezuela, RB",VEN,2010,5.56784226689648,64.5246719929789,50.1062414262308,70.1546828,4.98973343868633,69.405,77.105,49.8937585737692,1.0,11.917,83.6177078,88.083,64.3750392889067,30.6352272724069,1.2303678533934,64.6736470667822,1.44831682023004,29.9074857401246,1.47784027228688,6.14353384580384,29.182819087414,5.8,1.05,73.134,3.4
170,70,"Venezuela, RB",VEN,2011,5.71217875015655,64.6922269184641,50.1326317794322,70.2082624,5.12340251604547,69.388,77.071,49.8673682205678,0.9,11.892,83.6287534,88.108,64.5381226857126,30.338474798242,1.35272837263047,64.8454649764046,1.56273221245691,29.5955943313793,1.59111039198966,6.29759144486586,28.8569435787296,6.3,1.05,73.11,3.6
171,71,"Venezuela, RB",VEN,2012,5.85928119147285,64.8135337558667,50.1558011291712,70.261842,5.25748822880791,69.321,76.991,49.8441988708288,0.9,11.877,83.639799,88.123,64.6546156937338,30.0878960774583,1.49771720838627,64.9712912220553,1.62394832481717,29.3271850526605,1.64097363182804,6.45678254980016,28.5719262281445,5.5,1.05,73.037,3.2
172,72,"Venezuela, RB",VEN,2013,6.0130908792977,64.9160875510056,50.1836067141497,70.0787528,5.3958915580328,69.205,76.867,49.8163932858503,0.8,11.867,83.4384054,88.133,64.7535431589563,29.8505652830109,1.33686598229231,65.0772492016335,1.42107799589325,29.0708215696967,1.43242246010626,6.6250220890275,28.297728709339,4.1,1.05,72.918,2.5
173,73,"Venezuela, RB",VEN,2014,6.17970900877703,65.0512026641309,50.226580438627,69.8956636,5.54457292865877,69.05,76.709,49.773419561373,0.7,11.856,83.2370118,88.144,64.8889835532552,29.566443518086,0.782922630110974,65.2117974562277,0.875663915804975,28.769088327092,0.888144849244487,6.80849631248311,27.9797062312892,3.6,1.05,72.762,2.1
174,74,"Venezuela, RB",VEN,2015,6.36488559256154,65.2547157288874,50.2915364814777,69.7125744,5.70884627211247,68.871,76.531,49.7084635185223,0.8,11.846,83.0356182,88.154,65.0997705242498,29.1913832036377,0.0448536985436169,65.4078731473929,0.129244522754409,28.3803986785511,0.140590262158254,7.013313117336,27.578813735271,3.8,1.05,72.584,2.3
175,75,"Venezuela, RB",VEN,2016,6.6436402757606,65.1392077150525,50.3849671415759,69.5294852,5.96421899373203,68.687,76.353,49.6150328584241,0.8,11.835,82.8342246,88.165,64.9590394300556,29.0767415762124,-0.862359544649664,65.3166288821241,-0.769455375977454,28.2171520091869,-0.756977632393663,7.31266865249936,27.3707024653766,3.6,1.05,72.405,2.2
176,76,"Venezuela, RB",VEN,2017,6.94368203720475,65.0856982015533,50.5040527193624,69.346396,6.23690479429859,68.523,76.194,49.4959472806376,0.7,11.817,82.632831,88.183,64.8884947443269,28.8746004613745,-1.66696546823538,65.2790703813557,-1.51476569807441,27.9706197612419,-1.49435249202315,7.63685832277626,27.084071295868,3.6,1.05,72.246,2.2
177,77,"Venezuela, RB",VEN,2018,7.26698662012597,65.0663627988088,50.6332598022849,69.4042478,6.52812064097037,68.398,76.074,49.3667401977151,0.7,11.792,82.677487,88.208,64.8606008094454,28.6112785495842,-1.98010788691339,65.2672763778101,-1.76833073456765,27.6666505810652,-1.73998549563812,7.98845847421073,26.7442651479791,3.6,1.05,72.128,2.2
178,78,"Venezuela, RB",VEN,2019,7.6109903731012,64.9847844157012,50.745854171029,69.4620996,6.83445651434067,68.327,76.004,49.254145828971,0.7,11.76,82.722143,88.24,64.7746266561141,28.3909168295452,-1.56539677496373,65.1890823332079,-1.29363805789461,27.4042252111976,-1.25736415804902,8.36586538458216,26.44505228221,3.5,1.05,72.064,2.1
179,79,"Venezuela, RB",VEN,2020,7.97269933752849,64.7646253297763,50.819524430753,-1,7.15184028066779,-1,-1,49.180475569247,-1,11.721,-1,88.279,64.5500957745093,28.2980639448229,-0.612704823763236,64.9722223586986,-0.280539304004186,27.2626753326952,-0.236353856330428,8.76712362892811,26.2606540123733,-1,-1.0,-1,-1
180,80,Australia,AUS,2005,12.8711244718399,67.3141218343844,50.0951629659287,86.7053348,11.6395826086197,78.5,83.3,49.9048370340713,5.1,15.418,91.9979036,84.582,67.8354239678,20.5249934235803,0.550923764293113,66.7948198709321,1.31978955436191,19.8147536937757,1.46058120993102,14.0979934261096,19.1071867029583,17.3,-1.0,80.8414634146341,11.2
181,81,Australia,AUS,2006,12.9265995927274,67.4830971753657,50.0716592858918,86.9837804,11.7332382554576,78.7,83.5,49.9283407141082,5.2,15.3,92.1523528,84.7,68.0006256561364,20.266136088406,0.706962850499227,66.9670015905063,1.47522794532757,19.5903032319069,1.61463706779604,14.1165587113036,18.9164396981901,16.1,-1.0,81.0414634146342,10.6
182,82,Australia,AUS,2007,12.9819293467348,67.6174574294628,50.0401002297773,87.262226,11.8223136138151,79.0,83.7,49.9598997702227,5.5,15.178,92.306802,84.822,68.1375745446173,20.0401118415676,-0.175916829079821,67.098378196383,0.624678435014185,19.4006132238024,0.76861501629068,14.1392627967344,18.7623590068826,16.2,1.056,81.2926829268293,10.9
183,83,Australia,AUS,2008,13.0587388634746,67.6837386642461,50.0092887342209,87.4604128,11.9287820471645,79.2,83.7,49.9907112657791,5.3,15.057,92.4045604,84.943,68.2088189745751,19.8623989782604,1.20362325009444,67.1591773177075,2.00402174031569,19.2575224722793,2.14657127926835,14.1875031870634,18.6533194952292,17.9,1.056,81.3951219512195,11.6
184,84,Australia,AUS,2009,13.1856542072768,67.6715177718794,49.9905888744036,87.6585996,12.0824018593289,79.3,83.9,50.0094111255964,5.6,14.937,92.5023188,85.063,68.2015574757115,19.7160406649596,1.26087513592047,67.1416217534586,2.0610451296841,19.1428280208439,2.20221763850756,14.2885665992145,18.5698116473269,16.9,1.056,81.5439024390244,11.2
185,85,Australia,AUS,2010,13.3765558056607,67.5911079551186,49.9908439239065,87.8567864,12.2975201121508,79.5,84.0,50.0091560760935,5.7,14.818,92.6000772,85.182,68.1260544370204,19.5764254508288,0.755635553247212,67.055943781283,1.55548958906995,19.0323362392206,1.69528537779197,14.456013214974,18.488043003743,17.7,1.057,81.6951219512195,11.7
186,86,Australia,AUS,2011,13.6303082070145,67.3338287632519,50.0122770421264,88.0549732,12.6061024473662,79.7,84.2,49.9877229578736,5.7,14.7,92.6978356,85.3,67.8138852787897,19.5800122738441,0.590016537588383,66.8541261672526,1.38952731561803,19.0358630297336,1.52795741614347,14.6536461715678,18.4922276611797,16.8,1.057,81.8951219512195,11.2
187,87,Australia,AUS,2012,13.9302883502879,67.0838407422162,50.0503166462415,88.25316,12.9552147900463,79.9,84.3,49.9496833537585,6.4,14.598,92.795594,85.402,67.5124870514283,19.5322981585254,1.04950290202891,66.6560910716622,1.74582000067359,18.9858709074959,1.86533013697943,14.9032058271907,18.4407031011471,17.1,1.057,82.0463414634146,11.7
188,88,Australia,AUS,2013,14.2526570621872,66.8267948368588,50.0964484406563,88.4617664,13.3163585056717,80.1,84.3,49.9035515593437,6.1,14.498,92.928301,85.502,67.208856989303,19.4747845050253,1.03377142785345,66.4461494684282,1.721151439989,18.920548100954,1.83817579922612,15.1853945339375,18.3684559976343,17.0,1.057,82.1487804878049,11.5
189,89,Australia,AUS,2014,14.5653171853498,66.5514444053048,50.1391905706398,88.6703728,13.6550073355115,80.3,84.4,49.8608094293602,6.5,14.398,93.061008,85.602,66.8930995704427,19.4518930940458,0.799422656982681,66.2116242023008,1.49156648912847,18.8832384093454,1.60845510176755,15.470739427593,18.3176363701062,18.9,1.056,82.3,12.7
190,90,Australia,AUS,2015,14.8546106880091,66.2580494091257,50.1708743412044,88.8789792,13.9584607753815,80.4,84.5,49.8291256587956,6.8,14.299,93.193715,85.701,66.5666892096713,19.4748500149471,0.74925064728382,65.9514952098517,1.43921665259925,18.8873399028652,1.55480059894141,15.7446600124059,18.3038447777423,19.7,1.056,82.4,13.2
191,91,Australia,AUS,2016,15.1411186020755,65.9065730162399,50.1894718273433,89.0875856,14.2528197697318,80.4,84.6,49.8105281726567,6.4,14.2,93.326422,85.8,66.212004517192,19.5351757130762,0.867186152709259,65.6031463722003,1.56194049810399,18.9523083816846,1.67739012761928,16.0233289311627,18.373524696637,18.0,1.055,82.4487804878049,12.2
192,92,Australia,AUS,2017,15.4040208878559,65.5309417025767,50.197959138598,89.296192,14.5180739521786,80.5,84.6,49.802040861402,6.9,14.096,93.459129,85.904,65.8352718905045,19.6466541573169,0.949422218240633,65.2286686864419,1.68452310845434,19.0650374095674,1.80566369778429,16.283743175277,18.4875881382811,19.5,1.055,82.5,13.1
193,93,Australia,AUS,2018,15.6564752275591,65.1529077338752,50.1996232411296,89.4942954,14.7675277800315,80.7,84.9,49.8003767588704,6.2,13.988,93.5613138,86.012,65.4590546264674,19.7734175935011,0.766974495363977,64.8489184423535,1.53610551570388,19.1906170385658,1.66174925937128,16.5389515247849,18.6121300328616,18.7,1.055,82.7487804878049,12.4
194,94,Australia,AUS,2019,15.9212017459054,64.8033515429272,50.1995341861351,89.6923988,15.0230760754793,80.9,85.0,49.8004658138649,6.4,13.876,93.6634986,86.124,65.1167754507876,19.8601484737331,0.717762399579264,64.4923378635396,1.52165367749095,19.2754467111674,1.65178048674511,16.8124538557049,18.6952082807555,18.6,1.055,82.9,12.5
195,95,Australia,AUS,2020,16.2130580672445,64.4945169162338,50.2012381940135,-1,15.2987114746675,-1,-1,49.7987618059865,-1,13.759,-1,86.241,64.8221992538562,19.8790892714762,0.411935262129995,64.1694611841213,1.25869817155796,19.2924250165216,1.39445750643396,17.1200544696552,18.7104843462235,-1,-1.0,-1,-1
196,96,Germany,DEU,2005,18.8683245333634,66.7150433096359,51.1370923468635,82.7313404,15.8342573186066,76.2,81.8,48.8629076531365,7,24.02,90.8326736,75.98,69.0555281731054,15.110214508288,-0.89009829883984,64.4786460189045,-0.0567782618352031,14.4166321570007,0.208115300433845,21.767465463329,13.7538885177665,19.9,-1.0,78.9317073170732,13.3
197,97,Germany,DEU,2006,19.3231838295421,66.5049534794839,51.1063443883674,83.0825802,16.368021250991,76.4,82,48.8936556116326,6.6,23.821,90.9650218,76.179,68.7866253673865,14.8453533816225,-0.94472587678598,64.321881047511,-0.112797497644931,14.171862690974,0.148771505773609,22.1506363461325,13.5274826063565,19.2,-1.0,79.1317073170732,12.8
198,98,Germany,DEU,2007,19.7049478314074,66.3116670314648,51.075498614407,83.43382,16.8281068652317,76.9,82.3,48.924501385593,6.3,23.622,91.09737,76.378,68.5318760503014,14.6400170844669,-0.972624936417963,64.1846276810238,-0.133718572600486,13.9833851371278,0.127167671405373,22.4610544248003,13.354317894176,18.7,1.054,79.5341463414634,12.4
199,99,Germany,DEU,2008,20.0235137521453,66.1371117608333,51.0445613462583,83.6721208,17.2236123817073,77.2,82.4,48.9554386537417,6.4,23.425,91.176483,76.575,68.2947054451869,14.4816821731058,-1.02760728004144,64.0674305251008,-0.190142844695674,13.8393744870213,0.0674524949232638,22.7093303359184,13.2232391389808,19.0,1.054,79.7365853658537,12.5
200,100,Germany,DEU,2009,20.3006080559174,65.992669637999,51.0137662489108,83.9104216,17.5725041965848,77.3,82.5,48.9862337510892,6.4,23.229,91.255596,76.771,68.0918501723095,14.3356456311057,-1.09361469759633,63.9766104854997,-0.253383410163402,13.7067223060837,0.0022472620083385,22.9206910171832,13.1026984973171,19.4,1.054,79.8365853658537,12.8
201,101,Germany,DEU,2010,20.5527504286253,65.8788668173044,50.9831943412078,84.1487224,17.887249224573,77.5,82.6,49.0168056587922,6.8,23.034,91.334709,76.966,67.9283660535623,14.1843847218647,-0.996210590149904,63.9084146070294,-0.153198446937304,13.5683827540702,0.100481934472227,23.1154454817437,12.9761399112269,20.0,1.053,79.9878048780488,13.2
202,102,Germany,DEU,2011,20.7054506728733,65.7852529060684,50.9536138788803,84.3870232,18.0971800926571,77.9,83.1,49.0463861211197,6.7,22.84,91.413822,77.16,67.7742112291361,14.1286086782068,-2.69951501551236,63.8699391354592,-1.8537146287573,13.5092964210582,-1.60197231472939,23.2171323166306,12.9129285479102,20.0,1.053,80.4365853658537,13.2
203,103,Germany,DEU,2012,20.8249891555947,65.7482093825583,50.9246883906906,84.625324,18.2662654007278,78.1,83.1,49.0753116093094,7.0,22.83,91.492935,77.17,67.6891188867362,14.044615712536,0.143933886234076,63.8764382512463,0.187727800567293,13.4268014618471,0.200687484378332,23.292557917766,12.8310038309876,18.9,1.053,80.5390243902439,12.9
204,104,Germany,DEU,2013,20.9365796471194,65.7323487351617,50.8942335778805,84.7284688,18.41546404234,78.1,83.0,49.1057664221195,7.2,22.82,91.6233514,77.18,67.64017067382,13.94436528384,0.229090401386349,63.8901388967052,0.272900214681538,13.3310716177189,0.285857246854236,23.3709812208363,12.7388798824585,19.9,1.053,80.490243902439,13.4
205,105,Germany,DEU,2014,21.0641625260475,65.68373814054,50.859282775511,84.8316136,18.567293043879,78.7,83.6,49.140717224489,6.9,22.81,91.7537678,77.19,67.5729768494404,13.8597301066805,0.37304552347498,63.8573777804235,0.416877359168292,13.2520993334125,0.429833546326634,23.4779327129265,12.66468950665,20.1,1.053,81.090243902439,13.4
206,106,Germany,DEU,2015,21.2185907192979,65.5644705515865,50.8181326341287,84.9347584,18.7339675127962,78.3,83.1,49.1818673658713,7.3,22.8,91.8841842,77.2,67.4469384089965,13.8190940782073,0.821852310020411,63.7426200594834,0.865702643950251,13.2169387291157,0.87865693932128,23.623208089631,12.6341718508855,19.5,1.052,80.6414634146341,13.3
207,107,Germany,DEU,2016,21.288710112426,65.3959908493306,50.7696483565604,85.0379032,18.8355226468617,78.6,83.5,49.2303516434396,6.8,22.776,92.0146006,77.224,67.2381360924679,13.9263412606703,0.701902385917319,63.6095607020148,0.807218538573871,13.3152990382434,0.838301068113641,23.6676927356501,12.722746562335,19.4,1.052,80.990243902439,13.0
208,108,Germany,DEU,2017,21.3714880478767,65.177823589612,50.7155708743438,85.141048,18.9343464810566,78.7,83.4,49.2844291256562,6.6,22.739,92.145017,77.261,66.9989107148227,14.0667428041208,0.211141645524424,63.4082616590893,0.373724559895838,13.4506883625113,0.421625391544917,23.739655583864,12.8520827570466,18.8,1.052,80.9926829268293,12.6
209,109,Germany,DEU,2018,21.4619619953309,64.9170079001335,50.6603673700529,85.4444144,19.0311187010646,78.6,83.3,49.3396326299471,6.8,22.688,92.300414,77.312,66.7305955534403,14.2382857454951,0.0759898177879571,63.1511125573373,0.300526701992065,13.6210301045356,0.366515155973305,23.8288649227272,13.0200225199355,19.2,1.053,80.8926829268293,12.9
210,110,Germany,DEU,2019,21.5629923209089,64.6375192034153,50.6099449446524,85.7477808,19.1319838013494,78.6,83.4,49.3900550553476,6.2,22.624,92.455811,77.376,66.4538184637416,14.414197734909,-0.0569656713221133,62.865404980433,0.22551987421288,13.7994884756758,0.30826693577482,23.9348597403549,13.199735279212,18.6,1.054,80.9414634146342,12.3
211,111,Germany,DEU,2020,21.6874493682811,64.3569551788337,50.5682013421545,-1,19.248042135304,-1,-1,49.4317986578455,-1,22.547,-1,77.453,66.1874394118724,14.5645184528236,-0.163499076661776,62.5676140648868,0.177430343551393,13.9555954528852,0.276895619755864,24.0720279822283,13.360357952885,-1,-1.0,-1,-1
212,112,Chad,TCD,2005,2.69631470213882,48.1582028385106,50.1665803342303,38.6758054,2.45078203381261,47.376,49.731,49.8334196657697,3.7,78.199,43.282788,21.801,48.0010915242703,49.5481264419171,3.6076774013419,48.3142400576174,3.64986168707305,49.1454824593506,3.80132101144805,2.94025784905197,48.7455020933306,11.4,-1.0,48.549,7.5
213,113,Chad,TCD,2006,2.67313460182742,48.1345061988363,50.1556929334859,39.0922342,2.43597811322492,47.725,50.096,49.8443070665141,3.6,78.166,43.678312,21.834,47.987214808107,49.5768070786681,3.46594465671459,48.2809777682531,3.50815725715737,49.1923591993363,3.65942516246599,2.90866722009929,48.8103550116476,11.3,-1.0,48.907,7.5
214,114,Chad,TCD,2007,2.64788652715135,48.1849920096313,50.1450032820206,39.508663,2.41826523099184,48.138,50.54,49.8549967179795,3.8,78.132,44.073836,21.868,48.0448346466533,49.5369001223549,3.34959354294359,48.3243319172187,3.39310016650649,49.1671214632173,3.54869944303241,2.87628702922299,48.7993810535583,11.6,1.03,49.335,7.7
215,115,Chad,TCD,2008,2.62044703363536,48.3011444985277,50.1348627886808,40.1805316,2.39732659674733,48.599,51.049,49.8651372113192,3.8,78.099,44.8768768,21.901,48.168060319414,49.4346130838386,3.28106833962895,48.4335219053316,3.32331568496484,49.078408467837,3.47411524394552,2.84236661514066,48.7241114795277,11.3,1.03,49.82,7.5
216,116,Chad,TCD,2009,2.58925773175722,48.4700756832936,50.1259846116077,40.8524002,2.3721417734815,49.095,51.608,49.8740153883923,3.8,78.066,45.6799176,21.934,48.3465027446849,49.2813554818336,3.26930506430737,48.5930520213957,3.31157110166538,48.9406665849491,3.46214657371923,2.80528454337504,48.6016634352293,11.4,1.03,50.346,7.6
217,117,Chad,TCD,2010,2.55443043820787,48.6787131605598,50.1185897012199,41.5242688,2.34277938232035,49.604,52.188,49.8814102987801,3.8,78.015,46.4829584,21.985,48.5679632291287,49.0892573885509,3.26931998805434,48.7890053171483,3.33466929345193,48.7668564012324,3.56691017194242,2.76503065569482,48.4459640271568,11.6,1.03,50.89,7.7
218,118,Chad,TCD,2011,2.53131019440999,48.7955899972413,50.1128388948907,42.1961374,2.32624589620282,50.105,52.759,49.8871611051093,3.9,77.946,47.2859992,22.054,48.685317304909,48.9884367988882,3.27505669775765,48.9054137411269,3.3635382470264,48.6730998083487,3.67688958728269,2.73546878564184,48.3591174732312,11.5,1.03,51.424,7.7
219,119,Chad,TCD,2012,2.50363127945404,48.9711883298461,50.1083791405196,42.868006,2.30493979949574,50.579,53.294,49.8916208594804,3.9,77.858,48.08904,22.142,48.865755336898,48.8293048636063,3.25780566058341,49.0761961403197,3.37076756399417,48.5251803906999,3.76899221746416,2.70146404359506,48.2223398160853,11.2,1.03,51.928,7.6
220,120,Chad,TCD,2013,2.47640149153965,49.1902194126319,50.104720473225,43.2756824,2.28269418401509,51.014,53.777,49.895279526775,3.8,77.752,48.5098724,22.248,49.093092384723,48.6242134312619,3.21483122130194,49.2869706362909,3.35106893405564,48.3333790958284,3.82865367658579,2.66932928304857,48.0437000806605,10.9,1.03,52.386,7.4
221,121,Chad,TCD,2014,2.45575715739215,49.4410244002188,50.1012473906877,43.6833588,2.2638046320982,51.403,54.196,49.8987526093123,3.7,77.628,48.9307048,22.372,49.3540210858195,48.3821742820823,3.13729218367291,49.5276757457146,3.29689942062191,48.103218442389,3.85270020884968,2.64692069302758,47.8254035612578,10.5,1.03,52.789,7.1
222,122,Chad,TCD,2015,2.4447070454026,49.7186268135263,50.0974525424225,44.0910352,2.25083764879503,51.743,54.552,49.9025474575775,3.5,77.485,49.3515372,22.515,49.6424886256709,48.1066737255341,3.0376183320359,49.7944969167111,3.22199984419079,47.836666141071,3.85915669128468,2.63776698956337,47.5677360937255,10.0,1.03,53.137,6.8
223,123,Chad,TCD,2016,2.4538548489664,49.9074968101164,50.093354753971,44.4987116,2.2559336528955,52.041,54.856,49.906645246029,3.5,77.323,49.7723696,22.677,49.8338501507107,47.9102161963938,2.93464194796458,49.9808689460427,3.14393299725849,47.6386483409172,3.86087532510691,2.65105272891358,47.3680783250437,9.8,1.03,53.438,6.7
224,124,Chad,TCD,2017,2.46671833784574,50.1327084490236,50.0890837911052,44.906388,2.26222724660684,52.315,55.132,49.9109162088949,3.6,77.142,50.193202,22.858,50.0628618827771,47.6749108706161,2.84314967140534,50.202346313189,3.07750673636919,47.4005732131307,3.87250269568174,2.67054590163629,47.1271077851747,9.9,1.03,53.712,6.7
225,125,Chad,TCD,2018,2.48051894434901,50.393181066809,50.0848994170785,45.2766954,2.26807251567264,52.577,55.4,49.9151005829215,3.4,76.941,50.6082618,23.059,50.3280663829133,47.4038611014141,2.76260465167913,50.4580879989226,3.02350454795029,47.126299988842,3.89900762821218,2.692245772835,46.8496662282424,9.8,1.03,53.977,6.6
226,126,Chad,TCD,2019,2.4916416230991,50.687413635122,50.0810127020442,45.6470028,2.27169776052374,52.835,55.669,49.9189872979558,3.3,76.721,51.0233216,23.279,50.6277854643201,47.1005167751562,2.69978384788792,50.7468734191797,2.98613014725798,46.8209447417789,3.93569300119807,2.71089707952058,46.5422295012997,9.6,1.03,54.239,6.4
227,127,Chad,TCD,2020,2.49857785258663,51.0111248942521,50.077679346937,-1,2.27226996513487,-1,-1,49.922320653063,-1,76.48,-1,23.52,50.9576630728387,46.7700669620264,2.64473715989963,51.0644153942606,2.95935371013085,46.4902972531612,3.98928926142496,2.72423379974614,46.2113508059933,-1,-1.0,-1,-1
228,128,Switzerland,CHE,2005,15.7835662889126,67.9271014737608,51.047934306761,86.5998756,13.4026272123894,78.7,83.9,48.952065693239,12.6,26.522,92.2805442,73.478,69.5015763274336,17.095796460177,0.542617877771767,66.4173396859779,0.640601540243491,16.2893322373266,0.675992501186956,18.0666370002477,15.5160233137744,25.7,-1.0,81.2365853658537,19
229,129,Switzerland,CHE,2006,15.9539380618663,68.0289296346265,51.0015673184668,86.9797198,13.620999353088,79.1,84,48.9984326815332,13.4,26.496,92.4419856,73.504,69.5802789274178,16.7987217194942,0.529452634439243,66.537537230422,0.627558473346134,16.0171323035072,0.662946312521288,18.1966554994023,15.2658072701757,24.5,-1.0,81.490243902439,18.8
230,130,Switzerland,CHE,2007,16.1490633784186,68.1033867402098,50.9459351523275,87.359564,13.8614431794024,79.4,84.2,49.0540648476725,13.5,26.47,92.603427,73.53,69.6331924879327,16.5053643326649,0.795538994155612,66.6292253634836,0.893690977823134,15.7475498813716,0.929048227949449,18.3534872237738,15.0172874127426,25.8,1.052,81.7414634146342,19.5
231,131,Switzerland,CHE,2008,16.3701207204,68.13834405924,50.8841471653689,87.688786,14.1243520326836,79.7,84.4,49.1158528346311,13.4,26.444,92.7610566,73.556,69.6506638860518,16.2249840812646,1.17232012983311,66.6776408228297,1.27061807385776,15.49153522036,1.30598063263603,18.5392169247785,14.7831422523918,24.3,1.052,81.9926829268293,18.8
232,132,Switzerland,CHE,2009,16.6176555614295,68.1232108591532,50.8210630625071,88.018008,14.4087367853617,79.8,84.4,49.1789369374929,9.3,26.419,92.9186862,73.581,69.6225104550673,15.968752759571,1.15492334546402,66.6717513284104,1.24948463127384,15.2591335794173,1.28345836397255,18.7559737335557,14.5722749380339,22.9,1.052,82.0439024390244,16.0
233,133,Switzerland,CHE,2010,16.8913676135836,68.0502902220927,50.7599369624087,88.34723,14.712811144667,80.1,84.5,49.2400630375913,9.2,26.393,93.0763158,73.607,69.5408525782602,15.7463362770729,0.943070244807478,66.6043508075076,1.0415580576588,15.0583421643237,1.07689611583261,19.0047476106788,14.3909015818137,19.9,1.052,82.2463414634147,14.5
234,134,Switzerland,CHE,2011,17.0997517134202,67.9424994991774,50.7015566483723,88.676452,14.9965546628521,80.5,85.0,49.2984433516277,9.2,26.369,93.2339454,73.631,69.3910142118233,15.6124311253246,1.02090466534654,66.5339142312507,1.11187894263206,14.9577487874023,1.14447911246303,19.1448617922926,14.3212239764568,20.2,1.052,82.6951219512195,14.6
235,135,Switzerland,CHE,2012,17.3301938108984,67.8013594385223,50.6458786369541,89.005674,15.2965085225469,80.6,84.9,49.3541213630459,9.3,26.347,93.391575,73.653,69.2091731331856,15.4943183442675,0.978365695661943,66.4295039727792,1.06181932886789,14.8684467505793,1.09168911257723,19.3120342232277,14.2584618039931,20.3,1.052,82.6975609756098,14.7
236,136,Switzerland,CHE,2013,17.5721104695372,67.6194659729743,50.5944227042071,89.2521066,15.5993517108449,80.7,85.0,49.4055772957929,9.3,26.326,93.5048256,73.674,68.9922488360025,15.4083994531527,1.0701302679908,66.279046243162,1.14987975781229,14.8084235574885,1.17839214469233,19.4983521582084,14.2226015986296,21.0,1.052,82.7975609756098,15.1
237,137,Switzerland,CHE,2014,17.8004465511951,67.413656491919,50.5484338721299,89.4985392,15.8782029656503,81.1,85.4,49.45156612787,9.7,26.304,93.6180762,73.696,68.7607457570816,15.3610512772681,1.13650134932211,66.0959024649434,1.22010397343287,14.7858969568859,1.24996083195795,19.6808297770061,14.2232677580505,19.8,1.052,83.1975609756098,14.7
238,138,Switzerland,CHE,2015,17.9973302879733,67.2093433894495,50.5086132864878,89.7449718,16.1149182368371,80.8,85.1,49.4913867135122,9.5,26.282,93.7313268,73.718,68.5404398092733,15.3446419538896,1.05466095282599,65.9050309431664,1.13833715247736,14.7933263225771,1.16818639104156,19.8418550532074,14.2531140036262,20.5,1.052,82.8975609756098,15.0
239,139,Switzerland,CHE,2016,18.2289036991655,66.938538890063,50.4755955161836,89.9914044,16.3955207858697,81.7,85.6,49.5244044838164,8.4,26.261,93.8445774,73.739,68.2335354086393,15.3709438054911,1.0120979023208,65.6680013201532,1.09203117387253,14.8325574107715,1.12051359857279,20.0276277054394,14.3043709744074,19.8,1.052,83.6024390243903,14.1
240,140,Switzerland,CHE,2017,18.4308671298436,66.6966381907622,50.4489996625983,90.237837,16.6406280579255,81.6,85.6,49.5510003374017,8.9,26.239,93.957828,73.761,67.9610074817443,15.3983644603301,0.849346228001966,65.4550015061424,0.933155888738653,14.8724946793942,0.962986439023895,20.1888948665745,14.3561036272831,20.5,1.052,83.5512195121951,14.6
241,141,Switzerland,CHE,2018,18.6232165647717,66.4658286661214,50.4271246622237,90.4089182,16.8738725608036,81.9,85.7,49.5728753377763,9.0,26.203,94.0561438,73.797,67.7006770786997,15.4254503604966,0.599369518022587,65.2518990645284,0.736633975172522,14.9109547691069,0.785417652319277,20.3428899461344,14.4052109893371,20.1,1.052,83.7536585365854,14.5
242,142,Switzerland,CHE,2019,18.8379960576695,66.2213280427499,50.4076129497992,90.5799994,17.1302527941087,81.9,85.6,49.5923870502008,9.0,26.151,94.1544596,73.849,67.4234584727581,15.4462887331332,0.514628172017694,65.038677350082,0.713313668444329,14.9406758995806,0.783765811954327,20.5180455815457,14.4432770683723,20.2,1.052,83.7048780487805,14.5
243,143,Switzerland,CHE,2020,19.0975411751085,65.94382747161,50.3889368658443,-1,17.4329847253431,-1,-1,49.6110631341557,-1,26.085,-1,73.915,67.1089944960556,15.4580207786013,0.463268729125871,64.7965934184367,0.715961342750833,14.9586313532815,0.805290557309692,20.7364187325297,14.4669878490336,-1,-1.0,-1,-1
